Customer ID,TotalSpending,NumberOfOrders,Cluster
12346.0,578.36,15,2
12347.0,162.95,2,0
12348.0,14.39,1,0
12349.0,899.49,4,0
12351.0,49.46,1,0
12352.0,54.6,2,0
12353.0,38.78,1,0
12355.0,52.78,1,0
12356.0,261.38,3,0
12357.0,1395.6399999999999,2,0
12358.0,256.13,3,0
12359.0,562.78,8,0
12360.0,278.22,6,0
12361.0,78.9,3,0
12362.0,130.0,1,0
12366.0,5.07,1,0
12368.0,79.05,1,0
12369.0,292.85,3,0
12370.0,224.36,3,0
12371.0,421.85,3,0
12373.0,171.85,2,0
12374.0,149.47,3,0
12376.0,104.4,2,0
12377.0,207.17000000000002,2,0
12378.0,360.97,1,0
12379.0,120.9,2,0
12380.0,3921.94,10,2
12382.0,18.38,1,0
12385.0,254.25,2,0
12386.0,21.81,1,0
12387.0,24.86,1,0
12388.0,134.64000000000001,2,0
12389.0,130.06,3,0
12391.0,828.01,6,0
12392.0,35.25,1,0
12393.0,137.9,3,0
12395.0,290.65,4,0
12396.0,149.46,1,0
12399.0,99.8,3,0
12400.0,32.05,1,0
12402.0,207.9,6,0
12403.0,28.53,1,0
12404.0,63.24,1,0
12406.0,166.47,4,0
12408.0,175.55,5,0
12409.0,477.63,6,0
12410.0,75.87,1,0
12411.0,74.7,1,0
12412.0,171.87,5,0
12413.0,118.69999999999999,1,0
12414.0,477.08,5,0
12415.0,652.02,7,0
12416.0,16.88,1,0
12417.0,1020.3299999999999,15,2
12418.0,224.29,4,0
12419.0,126.09,2,0
12421.0,107.96,3,0
12422.0,2717.87,18,2
12423.0,125.89,2,0
12424.0,139.08,5,0
12425.0,135.87,2,0
12426.0,178.72,2,0
12427.0,49.25,1,0
12429.0,225.14,6,0
12431.0,678.53,16,2
12433.0,728.66,6,0
12434.0,68.12,1,0
12435.0,220.41,4,0
12437.0,1194.23,28,2
12439.0,271.46,3,0
12440.0,189.79,3,0
12441.0,40.71,1,0
12443.0,123.28,1,0
12445.0,59.59,2,0
12449.0,26.93,2,0
12450.0,77.54,5,0
12451.0,361.07,4,0
12454.0,363.26,7,0
12455.0,603.11,4,0
12457.0,168.28,2,0
12458.0,168.65,2,0
12459.0,95.42,1,0
12460.0,78.86,1,0
12466.0,56.73,1,0
12467.0,29.12,2,0
12468.0,317.73,7,0
12469.0,227.97,2,0
12470.0,90.35,1,0
12471.0,2763.72,81,3
12472.0,1556.93,26,2
12474.0,966.23,25,2
12475.0,82.84,1,0
12476.0,1251.48,18,2
12477.0,1044.22,3,0
12480.0,321.99,4,0
12481.0,809.42,8,0
12482.0,3823.63,32,2
12483.0,563.36,14,2
12484.0,395.76,8,0
12485.0,81.96,1,0
12486.0,201.07999999999998,1,0
12487.0,4.85,2,0
12490.0,662.74,12,2
12492.0,70.0,1,0
12494.0,161.99,5,0
12495.0,114.0,2,0
12496.0,28.02,2,0
12497.0,114.84,3,0
12499.0,62.9,1,0
12500.0,366.66,12,0
12503.0,231.6,1,0
12504.0,44.6,2,0
12505.0,204.75,2,0
12507.0,99.1,1,0
12510.0,3238.14,14,2
12511.0,668.83,2,0
12514.0,59.3,1,0
12516.0,94.33,2,0
12519.0,78.63,2,0
12523.0,653.18,17,2
12524.0,349.62,10,0
12525.0,284.46,8,0
12527.0,30.200000000000003,2,0
12529.0,68.56,2,0
12530.0,292.35,7,0
12531.0,277.55,2,0
12533.0,298.62,6,0
12537.0,125.68,1,0
12538.0,53.67,1,0
12539.0,763.48,3,0
12540.0,1186.9,17,2
12542.0,141.74,4,0
12543.0,112.37,1,0
12547.0,40.07,1,0
12549.0,80.78999999999999,6,0
12553.0,228.41,3,0
12554.0,99.43,1,0
12555.0,129.23,1,0
12557.0,54.230000000000004,4,0
12562.0,140.37,2,0
12563.0,50.98,1,0
12567.0,817.93,8,0
12568.0,31.17,1,0
12570.0,77.52,1,0
12573.0,204.69,4,0
12575.0,135.67000000000002,2,0
12576.0,176.38,5,0
12577.0,283.79,5,0
12578.0,182.58,3,0
12580.0,88.61,1,0
12582.0,282.02,2,0
12583.0,686.08,14,2
12586.0,443.82,4,0
12588.0,244.42000000000002,4,0
12589.0,2688.77,9,2
12590.0,7.9,2,0
12591.0,201.1,2,0
12592.0,2247.88,6,0
12594.0,255.64,6,0
12595.0,60.62,1,0
12598.0,213.46,6,0
12599.0,183.34,6,0
12600.0,483.74,16,2
12601.0,48.95,1,0
12605.0,174.43,5,0
12606.0,21.0,1,0
12608.0,26.04,1,0
12609.0,497.45,7,0
12613.0,554.59,7,0
12615.0,565.73,7,0
12616.0,85.89999999999999,2,0
12619.0,25.48,1,0
12621.0,1038.81,22,2
12623.0,501.99,8,0
12625.0,235.71,2,0
12629.0,179.9,2,0
12631.0,437.87,6,0
12632.0,98.67,4,0
12633.0,653.41,5,0
12634.0,155.55,2,0
12635.0,218.05,2,0
12636.0,141.0,1,0
12637.0,561.79,4,0
12638.0,62.0,1,0
12639.0,177.99,2,0
12643.0,249.45999999999998,8,0
12644.0,330.02,5,0
12645.0,230.5,5,0
12647.0,2090.42,35,2
12648.0,177.27,4,0
12649.0,246.66,7,0
12651.0,48.5,4,0
12652.0,15.0,1,0
12653.0,125.18,1,0
12655.0,87.85,1,0
12656.0,408.46999999999997,4,0
12661.0,9.65,1,0
12662.0,632.55,11,0
12663.0,61.349999999999994,3,0
12664.0,101.78,2,0
12665.0,69.05,3,0
12666.0,119.25,1,0
12668.0,1320.63,6,0
12670.0,127.21000000000001,2,0
12671.0,122.691,1,0
12672.0,73.85,2,0
12673.0,96.35,1,0
12675.0,450.77,4,0
12676.0,279.24,6,0
12677.0,90.95,3,0
12678.0,735.04,10,0
12681.0,2414.33,30,2
12682.0,1793.3,24,2
12683.0,599.2,9,0
12686.0,22.81,1,0
12687.0,564.93,2,0
12691.0,37.55,1,0
12692.0,40.6,1,0
12693.0,199.3,5,0
12694.0,98.87,2,0
12695.0,188.51,3,0
12696.0,212.15,3,0
12698.0,81.6,1,0
12699.0,127.56,1,0
12701.0,274.19,4,0
12703.0,203.52,5,0
12705.0,652.48,8,0
12706.0,91.89,1,0
12708.0,656.64,15,2
12709.0,1393.6299999999999,30,2
12711.0,154.76,2,0
12712.0,641.2,14,2
12714.0,1167.4,7,0
12717.0,95.39,1,0
12720.0,493.68,13,2
12721.0,369.98,4,0
12724.0,219.66,3,0
12725.0,631.33,4,0
12726.0,130.02,4,0
12727.0,219.08,3,0
12728.0,59.519999999999996,1,0
12730.0,231.05,1,0
12731.0,409.53,5,0
12733.0,508.91,5,0
12734.0,68.15,2,0
12737.0,3710.5,2,0
12738.0,43.45,1,0
12739.0,574.6,2,0
12741.0,195.53,2,0
12742.0,116.13,2,0
12744.0,372.51,4,0
12745.0,269.54,3,0
12746.0,73.95,3,0
12747.0,716.11,22,2
12748.0,10703.96,159,3
12749.0,1109.23,8,0
12751.0,113.71,1,0
12755.0,216.76,19,2
12758.0,549.09,6,0
12759.0,562.11,5,0
12760.0,62.56,1,0
12761.0,118.65,2,0
12763.0,28.99,1,0
12765.0,180.32999999999998,6,0
12766.0,431.13,5,0
12767.0,90.08,1,0
12768.0,60.160000000000004,2,0
12770.0,71.98,6,0
12771.0,89.8,2,0
12773.0,24.22,2,0
12774.0,23.8,1,0
12775.0,51.85,2,0
12776.0,30.12,1,0
12777.0,83.21,1,0
12778.0,167.18,3,0
12779.0,341.57,10,0
12780.0,60.739999999999995,1,0
12782.0,521.1800000000001,8,0
12784.0,263.12,1,0
12785.0,237.0,3,0
12786.0,55.800000000000004,1,0
12787.0,61.129999999999995,2,0
12788.0,107.1,4,0
12789.0,42.9,2,0
12790.0,100.17999999999999,2,0
12791.0,544.66,8,0
12792.0,113.92,2,0
12793.0,112.05,2,0
12796.0,26.7,1,0
12797.0,170.07,4,0
12798.0,21.34,1,0
12799.0,42.55,1,0
12800.0,130.46,3,0
12801.0,269.82,2,0
12802.0,307.42,7,0
12803.0,99.79,1,0
12804.0,135.16,2,0
12805.0,211.75,4,0
12806.0,445.75,4,0
12807.0,144.65,3,0
12808.0,93.85,3,0
12809.0,451.94,6,0
12810.0,62.13,2,0
12811.0,116.0,2,0
12813.0,105.55,3,0
12817.0,142.39,2,0
12819.0,63.35,1,0
12820.0,287.63,9,0
12821.0,16.29,1,0
12823.0,86.05,13,0
12825.0,147.74,2,0
12826.0,178.37,8,0
12829.0,35.129999999999995,1,0
12831.0,34.67,2,0
12835.0,2266.76,49,2
12836.0,1179.34,13,2
12837.0,299.82,1,0
12838.0,740.99,11,0
12839.0,628.34,16,2
12840.0,150.96,5,0
12841.0,691.83,18,2
12842.0,34.6,2,0
12843.0,573.39,25,2
12844.0,204.21,2,0
12846.0,15.58,1,0
12847.0,44.67,1,0
12848.0,63.55,1,0
12849.0,384.94,4,0
12850.0,3.3,1,0
12851.0,99.5,1,0
12853.0,276.75,7,0
12854.0,504.7,6,0
12855.0,362.75,4,0
12857.0,254.1,5,0
12858.0,178.31,2,0
12859.0,57.25,1,0
12860.0,43.37,1,0
12861.0,24.0,1,0
12862.0,407.08,2,0
12863.0,178.12,5,0
12864.0,2.76,1,0
12865.0,300.66,2,0
12866.0,118.12,2,0
12867.0,742.73,6,0
12868.0,109.0,3,0
12869.0,95.32,1,0
12870.0,438.44,4,0
12871.0,27.34,1,0
12872.0,976.52,12,2
12873.0,104.18,2,0
12874.0,148.97,3,0
12875.0,2.67,3,0
12876.0,238.38,3,0
12877.0,254.59,8,0
12880.0,148.42000000000002,2,0
12887.0,61.65,1,0
12889.0,137.23,6,0
12890.0,120.24,1,0
12891.0,3.54,9,0
12892.0,59.58,1,0
12894.0,118.3,1,0
12896.0,5.95,1,0
12897.0,42.050000000000004,2,0
12898.0,78.87,2,0
12899.0,86.14999999999999,1,0
12900.0,47.019999999999996,1,0
12903.0,93.59,1,0
12905.0,198.68,3,0
12907.0,150.41,3,0
12908.0,1.71,3,0
12909.0,185.79,5,0
12910.0,108.95,6,0
12911.0,775.7,1,0
12913.0,151.11,9,0
12914.0,10.299999999999999,1,0
12915.0,304.57,7,0
12916.0,374.33,3,0
12917.0,188.55,7,0
12918.0,32860.5,3,1
12920.0,77.5,3,0
12921.0,2048.48,55,2
12923.0,136.1,2,0
12924.0,95.3,9,0
12925.0,1.89,1,0
12926.0,688.93,4,0
12927.0,31.14,1,0
12928.0,181.9,7,0
12931.0,349.05,51,2
12932.0,197.23000000000002,8,0
12933.0,662.39,7,0
12934.0,83.34,1,0
12935.0,423.5,11,0
12937.0,227.57999999999998,5,0
12939.0,110.43,12,0
12941.0,44.44,1,0
12942.0,87.55,1,0
12943.0,131.5,3,0
12945.0,75.58,1,0
12946.0,66.35,1,0
12947.0,50.33,1,0
12948.0,14.78,2,0
12949.0,1639.56,18,2
12951.0,380.3,12,0
12953.0,130.36,1,0
12954.0,31.150000000000002,1,0
12956.0,42.29,3,0
12957.0,1003.4,9,0
12958.0,253.99,2,0
12959.0,48.0,2,0
12960.0,144.12,4,0
12961.0,65.05,1,0
12963.0,332.44,6,0
12964.0,94.17,1,0
12967.0,295.96,2,0
12969.0,22.95,1,0
12970.0,497.26,6,0
12971.0,341.68,34,2
12972.0,282.02,6,0
12973.0,170.25,1,0
12974.0,111.96000000000001,1,0
12975.0,590.61,8,0
12976.0,203.57,7,0
12977.0,302.82,3,0
12978.0,430.16,6,0
12979.0,132.71,2,0
12980.0,510.96000000000004,14,2
12982.0,575.97,15,2
12983.0,32.39,1,0
12986.0,533.29,12,2
12987.0,154.88,3,0
12989.0,118.42999999999999,20,2
12990.0,27.3,4,0
12991.0,110.49000000000001,1,0
12992.0,27.3,1,0
12993.0,132.32999999999998,6,0
12996.0,126.1,1,0
12997.0,137.64000000000001,9,0
12998.0,95.76,4,0
13000.0,147.55,2,0
13001.0,1725.42,22,2
13002.0,52.52,2,0
13004.0,1188.07,24,2
13005.0,126.07,3,0
13007.0,65.95,1,0
13008.0,66.94,5,0
13009.0,7.8,1,0
13010.0,21.41,2,0
13011.0,12.65,1,0
13012.0,197.09,4,0
13013.0,1003.95,18,2
13014.0,380.76,2,0
13015.0,896.3199999999999,9,0
13018.0,647.24,8,0
13019.0,248.94,8,0
13020.0,139.76,5,0
13021.0,480.85,13,2
13022.0,25.3,1,0
13023.0,212.82999999999998,1,0
13024.0,170.37,3,0
13025.0,27.84,1,0
13026.0,67.15,5,0
13027.0,115.84,17,2
13029.0,62.45,2,0
13030.0,187.72,1,0
13031.0,1069.05,5,0
13032.0,473.5,8,0
13033.0,4.05,1,0
13034.0,50.51,2,0
13035.0,34.34,1,0
13036.0,57.95,1,0
13037.0,677.74,13,2
13039.0,302.19,4,0
13041.0,133.87,4,0
13042.0,638.93,4,0
13044.0,1299.18,12,2
13045.0,104.33,2,0
13046.0,64.44,1,0
13047.0,1281.51,27,2
13048.0,279.8,8,0
13049.0,30.740000000000002,3,0
13050.0,2142.26,30,2
13051.0,21.45,2,0
13052.0,855.83,6,0
13053.0,52.75,1,0
13054.0,14.0,1,0
13055.0,168.57,2,0
13056.0,90.74,1,0
13057.0,141.99,4,0
13059.0,866.52,11,2
13063.0,27.5,1,0
13064.0,213.55,2,0
13065.0,269.17,6,0
13067.0,88.3,2,0
13069.0,1370.36,17,2
13070.0,52.7,4,0
13071.0,49.27,1,0
13073.0,95.97999999999999,2,0
13074.0,122.67,5,0
13076.0,35.85,1,0
13077.0,511.62,11,0
13078.0,1876.62,53,2
13079.0,27.69,1,0
13080.0,57.75,4,0
13081.0,2821.22,25,2
13082.0,121.08,15,2
13083.0,2.54,1,0
13084.0,3.4,2,0
13085.0,1041.17,7,0
13086.0,184.93,1,0
13087.0,85.77,1,0
13088.0,83.12,1,0
13089.0,4256.13,132,3
13090.0,611.31,15,2
13091.0,1377.49,4,0
13092.0,451.59999999999997,9,0
13093.0,2716.7599999999998,76,3
13094.0,13.46,2,0
13096.0,69.95,1,0
13097.0,2921.12,26,2
13100.0,1598.67,1,0
13101.0,107.64,3,0
13102.0,738.65,16,2
13103.0,44.32,2,0
13104.0,21.95,3,0
13105.0,0.72,1,0
13106.0,208.41,1,0
13107.0,263.21,10,0
13108.0,49.56,2,0
13109.0,79.4,2,0
13110.0,538.84,6,0
13111.0,23.66,1,0
13112.0,13.47,3,0
13113.0,911.92,22,2
13114.0,89.54,1,0
13115.0,515.16,10,0
13117.0,311.14,13,2
13118.0,360.40999999999997,5,0
13119.0,16.65,1,0
13123.0,144.67,2,0
13124.0,169.42,1,0
13125.0,100.98,1,0
13126.0,306.63,11,0
13128.0,8.5,1,0
13129.0,20.46,2,0
13131.0,332.57,4,0
13133.0,25.35,1,0
13134.0,96.25,2,0
13135.0,73.2,1,0
13136.0,636.11,14,2
13137.0,1859.5,8,2
13138.0,137.26,3,0
13139.0,235.83,1,0
13140.0,263.06,3,0
13141.0,677.13,15,2
13143.0,65.7,2,0
13144.0,9.25,1,0
13145.0,307.75,4,0
13148.0,1774.3,19,2
13150.0,70.42,4,0
13151.0,549.27,3,0
13152.0,559.4,9,0
13154.0,317.44,4,0
13155.0,211.12,3,0
13156.0,345.36,3,0
13157.0,302.96,5,0
13158.0,43.99,1,0
13161.0,151.14,1,0
13162.0,434.26,14,2
13163.0,21.4,2,0
13164.0,75.44,3,0
13165.0,7.01,1,0
13166.0,79.41,1,0
13167.0,43.81,1,0
13168.0,172.69,1,0
13169.0,28.85,1,0
13172.0,1.45,1,0
13173.0,650.18,12,2
13174.0,2695.85,10,2
13175.0,207.20000000000002,4,0
13177.0,39.4,1,0
13178.0,830.89,14,2
13179.0,70.84,1,0
13180.0,15.05,1,0
13181.0,53.07,1,0
13183.0,107.92999999999999,9,0
13187.0,19.96,4,0
13190.0,96.31,4,0
13191.0,110.83,1,0
13192.0,317.90999999999997,6,0
13194.0,17.58,1,0
13195.0,116.95,1,0
13196.0,259.8,4,0
13197.0,87.19,1,0
13198.0,348.48,4,0
13199.0,197.75,31,2
13201.0,196.82999999999998,4,0
13202.0,351.95,8,0
13203.0,194.51,7,0
13204.0,237.18,1,0
13205.0,10.95,1,0
13206.0,1146.68,15,2
13207.0,29.75,2,0
13208.0,296.44,3,0
13209.0,155.4,5,0
13211.0,249.32,9,0
13213.0,297.68,8,0
13214.0,436.56,7,0
13215.0,0.85,1,0
13217.0,0.53,1,0
13219.0,76.23,1,0
13220.0,129.5,1,0
13222.0,2.95,1,0
13223.0,11.74,4,0
13225.0,266.01,9,0
13226.0,30.5,1,0
13230.0,1893.85,17,2
13231.0,355.2,1,0
13233.0,76.05,2,0
13234.0,193.43,2,0
13237.0,128.65,1,0
13238.0,43.75,2,0
13239.0,232.0,5,0
13240.0,379.72,6,0
13241.0,107.12,1,0
13242.0,42.9,4,0
13243.0,427.34,4,0
13245.0,81.59,1,0
13246.0,382.52,7,0
13249.0,15.83,6,0
13250.0,53.42,3,0
13251.0,38.29,1,0
13252.0,110.1,3,0
13253.0,81.16,2,0
13254.0,10.09,1,0
13255.0,76.3,2,0
13257.0,73.14999999999999,3,0
13258.0,17.099999999999998,2,0
13259.0,803.7,8,0
13262.0,158.95,2,0
13263.0,701.24,4,0
13264.0,123.03999999999999,1,0
13266.0,205.73,11,0
13267.0,808.28,25,2
13269.0,447.16,14,2
13270.0,2.95,1,0
13274.0,71.45,1,0
13275.0,105.58,2,0
13276.0,733.59,5,0
13277.0,18.95,3,0
13278.0,120.31,4,0
13280.0,422.45,5,0
13281.0,64.61,3,0
13282.0,39.6,1,0
13283.0,40.75,2,0
13285.0,140.07999999999998,2,0
13286.0,202.81,1,0
13287.0,218.05,7,0
13288.0,70.58,6,0
13289.0,70.25,1,0
13290.0,625.89,3,0
13291.0,960.79,10,0
13292.0,133.89,4,0
13293.0,245.15,7,0
13294.0,163.34,1,0
13295.0,139.01,8,0
13296.0,87.33,5,0
13297.0,179.51,4,0
13299.0,291.32,4,0
13300.0,175.6,3,0
13302.0,31.7,1,0
13303.0,17.54,1,0
13304.0,279.54,6,0
13305.0,451.13,7,0
13306.0,3.81,1,0
13307.0,44.79,2,0
13308.0,43.6,1,0
13309.0,20.93,1,0
13310.0,74.58,2,0
13312.0,17.85,1,0
13313.0,267.25,10,0
13315.0,43.3,1,0
13316.0,227.16,7,0
13317.0,931.941,22,2
13319.0,1910.48,45,2
13320.0,79.15,3,0
13324.0,212.35999999999999,11,0
13326.0,37.89,1,0
13327.0,738.0,15,2
13329.0,301.89,11,0
13330.0,159.04,3,0
13331.0,142.15,1,0
13333.0,136.98,3,0
13334.0,644.14,3,0
13335.0,955.06,1,0
13337.0,304.99,2,0
13338.0,717.14,7,0
13340.0,767.74,5,0
13342.0,7.050000000000001,1,0
13346.0,11.35,6,0
13353.0,28.849999999999998,1,0
13357.0,996.73,4,0
13359.0,203.55,2,0
13360.0,305.61,7,0
13361.0,150.9,2,0
13362.0,442.2,5,0
13363.0,114.53999999999999,1,0
13365.0,26.9,1,0
13367.0,92.2,1,0
13368.0,104.07000000000001,3,0
13369.0,91.62,1,0
13370.0,166.19,2,0
13371.0,394.58,4,0
13373.0,665.06,3,0
13374.0,102.75,2,0
13375.0,107.42,1,0
13377.0,482.48,4,0
13378.0,756.4,1,0
13380.0,3.95,1,0
13381.0,544.59,8,0
13382.0,167.2,4,0
13383.0,1.06,1,0
13384.0,360.06,6,0
13386.0,71.14,2,0
13387.0,140.41,1,0
13388.0,126.3,1,0
13392.0,11.57,1,0
13393.0,311.99,6,0
13394.0,660.02,14,2
13395.0,97.24000000000001,2,0
13397.0,288.79,7,0
13398.0,68.55,1,0
13399.0,54.15,3,0
13400.0,50.25,2,0
13401.0,1834.14,1,0
13402.0,156.13,3,0
13403.0,24.05,2,0
13405.0,72.77,6,0
13406.0,24.14,3,0
13407.0,243.07999999999998,6,0
13408.0,1017.982,57,2
13409.0,525.65,1,0
13410.0,55.46,5,0
13412.0,163.85,1,0
13413.0,89.36,8,0
13414.0,78.5,4,0
13415.0,285.25,5,0
13416.0,23.450000000000003,1,0
13417.0,200.06,5,0
13418.0,756.38,16,2
13421.0,418.25,8,0
13423.0,26.779999999999998,1,0
13424.0,71.83,2,0
13425.0,263.59,5,0
13426.0,400.2,12,0
13427.0,40.839999999999996,3,0
13428.0,120.28,2,0
13431.0,321.37,7,0
13432.0,253.58,2,0
13433.0,112.42,5,0
13434.0,52.92,3,0
13435.0,122.24,2,0
13438.0,4.65,1,0
13439.0,252.23,2,0
13440.0,230.1,10,0
13441.0,66.01,1,0
13442.0,266.38,3,0
13443.0,582.58,7,0
13444.0,136.0,2,0
13445.0,13.790000000000001,1,0
13446.0,627.55,18,2
13448.0,2173.64,11,2
13450.0,112.59,8,0
13451.0,1223.01,7,0
13452.0,34.95,1,0
13453.0,96.17999999999999,3,0
13454.0,34.19,1,0
13455.0,510.13,8,0
13457.0,17.34,4,0
13458.0,300.68,2,0
13459.0,166.6,2,0
13461.0,91.48,5,0
13462.0,148.48,4,0
13463.0,158.65,1,0
13464.0,434.29,6,0
13465.0,78.73,2,0
13466.0,119.82,5,0
13468.0,1905.92,49,2
13469.0,16.2,1,0
13472.0,73.55,2,0
13473.0,226.16,7,0
13474.0,217.89,2,0
13476.0,231.1,3,0
13477.0,196.78,5,0
13478.0,532.78,7,0
13479.0,89.56,4,0
13480.0,147.18,2,0
13481.0,420.89,7,0
13482.0,27.549999999999997,1,0
13484.0,139.85,3,0
13485.0,529.61,14,2
13487.0,70.27,2,0
13488.0,1065.17,13,2
13490.0,75.25,1,0
13491.0,665.03,18,2
13495.0,228.99,9,0
13497.0,161.53,6,0
13498.0,38.51,1,0
13500.0,66.67,1,0
13501.0,227.63,3,0
13502.0,49.0,3,0
13503.0,656.94,11,0
13506.0,209.19,6,0
13508.0,45.22,1,0
13509.0,6.25,1,0
13510.0,671.85,12,2
13511.0,70.44,2,0
13512.0,59.66,3,0
13513.0,81.41,3,0
13514.0,86.15,3,0
13515.0,70.26,2,0
13516.0,88.3,1,0
13519.0,32.04,1,0
13520.0,499.51,8,0
13523.0,226.15,2,0
13526.0,55.2,4,0
13527.0,745.0,6,0
13528.0,2.5,1,0
13530.0,36.13,1,0
13531.0,312.41,5,0
13534.0,325.02,17,2
13535.0,8.95,1,0
13537.0,136.1,2,0
13538.0,434.97,5,0
13539.0,197.0,5,0
13540.0,177.52,3,0
13541.0,47.92,3,0
13542.0,1899.18,18,2
13543.0,216.19,2,0
13544.0,422.38,5,0
13545.0,152.69,3,0
13546.0,129.01,2,0
13547.0,136.24,1,0
13548.0,167.97,1,0
13549.0,7.3,1,0
13550.0,73.72,1,0
13551.0,6.35,1,0
13552.0,385.4,16,2
13553.0,330.65,1,0
13554.0,871.49,10,0
13555.0,816.35,12,2
13556.0,18.59,2,0
13557.0,329.11,14,2
13559.0,5.5,2,0
13561.0,494.4,10,0
13562.0,517.68,5,0
13564.0,3821.76,50,2
13565.0,50.83,1,0
13566.0,334.01,3,0
13567.0,526.18,5,0
13569.0,321.13,3,0
13571.0,705.65,14,2
13573.0,171.55,4,0
13574.0,214.6,1,0
13576.0,596.79,13,2
13577.0,315.65,9,0
13578.0,17.73,1,0
13579.0,234.56,5,0
13580.0,46.150000000000006,1,0
13581.0,48.39,1,0
13582.0,31.490000000000002,2,0
13583.0,122.081,1,0
13584.0,103.57,4,0
13585.0,58.95,4,0
13586.0,81.04,1,0
13587.0,63.1,3,0
13589.0,227.34,4,0
13590.0,809.6,14,2
13591.0,211.43,5,0
13593.0,1042.45,10,0
13594.0,65.85,2,0
13595.0,465.05,3,0
13597.0,44.86,3,0
13598.0,149.64,4,0
13599.0,412.07,21,2
13600.0,56.45,1,0
13601.0,240.23,2,0
13602.0,120.52,3,0
13604.0,118.55,2,0
13605.0,102.19,2,0
13607.0,100.29,2,0
13608.0,79.95,1,0
13609.0,92.35,1,0
13610.0,656.99,8,0
13611.0,448.94,10,0
13612.0,183.48,2,0
13613.0,234.35,5,0
13614.0,313.64,2,0
13615.0,1640.53,10,2
13616.0,110.5,2,0
13617.0,264.01,6,0
13619.0,154.99,2,0
13620.0,12.52,1,0
13622.0,118.23,2,0
13623.0,748.86,8,0
13624.0,75.03,2,0
13625.0,113.71000000000001,1,0
13626.0,132.94,2,0
13627.0,120.84,3,0
13628.0,66.17,1,0
13629.0,47.14,8,0
13632.0,286.14,4,0
13633.0,306.66,1,0
13634.0,1129.25,12,2
13635.0,240.57,5,0
13639.0,36.47,1,0
13640.0,15.0,1,0
13641.0,193.67,7,0
13642.0,129.04,4,0
13643.0,356.86,12,0
13646.0,258.5,3,0
13647.0,198.14000000000001,4,0
13648.0,350.08,11,0
13649.0,384.57,5,0
13650.0,277.0,9,0
13651.0,79.4,2,0
13652.0,244.84,3,0
13653.0,25.05,1,0
13654.0,334.65,5,0
13655.0,223.81,6,0
13656.0,135.41,5,0
13658.0,591.17,6,0
13659.0,787.61,14,2
13660.0,210.62,2,0
13661.0,68.77,1,0
13662.0,386.79,10,0
13663.0,354.88,5,0
13664.0,13.14,1,0
13665.0,215.0,3,0
13666.0,29.25,2,0
13668.0,1282.91,18,2
13669.0,6.25,1,0
13671.0,146.0,1,0
13672.0,40.89,1,0
13674.0,73.39,2,0
13676.0,63.85,3,0
13677.0,375.02,2,0
13679.0,148.02,3,0
13680.0,1326.78,8,0
13683.0,17.3,1,0
13684.0,206.39,4,0
13686.0,41.13,2,0
13687.0,6.8100000000000005,1,0
13688.0,22.75,1,0
13689.0,5.25,1,0
13691.0,113.61,1,0
13692.0,97.39,3,0
13693.0,467.7,11,0
13694.0,1798.3799999999999,105,3
13695.0,7.4399999999999995,1,0
13696.0,113.21,4,0
13698.0,138.32,2,0
13699.0,150.31,2,0
13700.0,78.29,4,0
13701.0,21.9,2,0
13702.0,11.89,1,0
13703.0,233.92000000000002,2,0
13705.0,291.35,5,0
13706.0,111.69,1,0
13707.0,241.72,3,0
13709.0,262.15,5,0
13710.0,15.39,2,0
13711.0,419.88,13,2
13712.0,79.44,1,0
13713.0,233.81,3,0
13714.0,109.05,1,0
13715.0,1025.71,14,2
13717.0,82.0,4,0
13719.0,585.91,6,0
13721.0,15.799999999999999,1,0
13722.0,383.35,7,0
13723.0,166.23,5,0
13724.0,90.18,1,0
13727.0,442.06,7,0
13728.0,472.68,10,0
13729.0,162.17,5,0
13733.0,82.97,3,0
13734.0,280.33000000000004,6,0
13735.0,1520.29,14,2
13736.0,1020.19,9,0
13738.0,240.6,1,0
13739.0,10.05,1,0
13740.0,282.9,4,0
13745.0,35.08,2,0
13746.0,31.17,1,0
13747.0,23.45,2,0
13748.0,74.47,5,0
13749.0,4.3,1,0
13750.0,192.62,8,0
13752.0,96.2,1,0
13753.0,87.92999999999999,3,0
13754.0,30.849999999999998,1,0
13756.0,602.78,11,0
13757.0,27.77,1,0
13758.0,788.94,14,2
13760.0,209.62,4,0
13761.0,142.43,4,0
13762.0,33.35,4,0
13763.0,94.50999999999999,3,0
13764.0,409.82,3,0
13765.0,67.681,1,0
13766.0,35.26,1,0
13767.0,1647.89,48,2
13768.0,198.34,8,0
13769.0,484.29,14,2
13770.0,165.66,4,0
13771.0,302.37,5,0
13772.0,1246.1,6,0
13773.0,50.120000000000005,2,0
13775.0,196.88,1,0
13776.0,1588.13,8,0
13777.0,501.89,42,2
13778.0,147.93,4,0
13779.0,108.75,1,0
13780.0,107.06,1,0
13781.0,149.29,3,0
13782.0,517.5,8,0
13783.0,5.59,4,0
13784.0,57.980000000000004,4,0
13785.0,168.92,4,0
13786.0,911.38,8,0
13787.0,220.22,7,0
13788.0,3.75,1,0
13789.0,18.64,1,0
13792.0,47.449999999999996,1,0
13793.0,13.55,1,0
13794.0,32.99,1,0
13795.0,52.96,4,0
13796.0,50.55,1,0
13797.0,298.55,4,0
13798.0,1164.56,63,2
13799.0,233.69,11,0
13800.0,110.84,2,0
13802.0,1152.37,18,2
13803.0,165.93,3,0
13804.0,82.24,2,0
13807.0,199.65,4,0
13809.0,64.4,2,0
13813.0,329.56,7,0
13814.0,75.7,2,0
13815.0,557.35,5,0
13818.0,6.72,1,0
13819.0,145.91,4,0
13820.0,277.24,5,0
13821.0,554.45,5,0
13823.0,645.87,6,0
13824.0,181.35,9,0
13825.0,110.3,2,0
13829.0,8.5,1,0
13830.0,99.85,2,0
13831.0,561.63,15,2
13832.0,141.64,1,0
13833.0,65.24,1,0
13834.0,153.19,3,0
13835.0,107.3,4,0
13836.0,140.35999999999999,3,0
13838.0,934.71,7,0
13839.0,39.45,1,0
13840.0,114.98,1,0
13842.0,648.14,11,0
13843.0,70.5,1,0
13846.0,61.77,1,0
13847.0,112.69,1,0
13848.0,1.92,6,0
13849.0,511.51,4,0
13851.0,206.75,6,0
13852.0,48.35,2,0
13854.0,290.54,17,2
13855.0,243.74,5,0
13856.0,208.83,10,0
13857.0,276.84,7,0
13859.0,75.9,1,0
13861.0,68.34,3,0
13862.0,42.57,1,0
13863.0,271.04,4,0
13864.0,3.45,1,0
13869.0,1665.22,6,0
13870.0,202.22,8,0
13871.0,233.44,7,0
13872.0,265.99,6,0
13873.0,170.31,5,0
13874.0,178.53,9,0
13875.0,700.63,9,0
13877.0,55.18,4,0
13878.0,306.04,3,0
13879.0,81.81,1,0
13880.0,135.83,5,0
13881.0,833.16,29,2
13883.0,568.11,17,2
13884.0,467.37,8,0
13888.0,579.26,5,0
13889.0,223.07,7,0
13890.0,205.31,8,0
13891.0,256.75,3,0
13892.0,4.93,2,0
13895.0,442.86,3,0
13896.0,68.15,1,0
13897.0,98.7,2,0
13898.0,62.01,1,0
13900.0,144.0,4,0
13901.0,639.0,15,2
13902.0,81.25,8,0
13903.0,31.8,1,0
13905.0,78.7,3,0
13906.0,0.42,1,0
13907.0,8.45,1,0
13909.0,136.73,2,0
13910.0,127.66,1,0
13911.0,202.53,13,2
13912.0,34.65,1,0
13913.0,30.39,1,0
13915.0,15.8,2,0
13916.0,384.87,5,0
13919.0,143.54,2,0
13920.0,239.59,5,0
13921.0,247.1,5,0
13922.0,69.3,4,0
13927.0,65.19,2,0
13929.0,180.95,11,0
13931.0,525.37,9,0
13935.0,315.14,3,0
13936.0,95.46,2,0
13937.0,130.46,2,0
13939.0,151.45,6,0
13941.0,171.7,12,0
13942.0,0.32,1,0
13943.0,66.08,1,0
13944.0,63.68,1,0
13945.0,171.85,2,0
13946.0,95.51,4,0
13948.0,78.53999999999999,4,0
13952.0,1009.13,14,2
13953.0,6.25,5,0
13955.0,156.63,1,0
13957.0,141.5,3,0
13958.0,1045.64,12,2
13959.0,187.35,3,0
13961.0,76.15,2,0
13962.0,58.85,1,0
13963.0,561.82,15,2
13964.0,77.68,3,0
13965.0,120.01,5,0
13966.0,34.17,1,0
13967.0,20.9,1,0
13968.0,8.01,1,0
13969.0,1184.33,20,2
13970.0,42.33,2,0
13971.0,275.21,7,0
13974.0,68.34,3,0
13975.0,773.26,7,0
13976.0,225.12,3,0
13977.0,32.66,1,0
13979.0,965.03,10,0
13980.0,231.85,8,0
13981.0,78.45,2,0
13982.0,344.85,9,0
13983.0,560.0,18,2
13984.0,149.68,8,0
13985.0,362.41,8,0
13987.0,88.33,2,0
13988.0,179.18,2,0
13989.0,50.47,3,0
13992.0,15.6,2,0
13993.0,614.05,12,2
13995.0,377.73,12,0
13996.0,119.25,2,0
13997.0,203.74,3,0
13998.0,148.85,3,0
13999.0,745.72,21,2
14000.0,85.17,6,0
14001.0,238.3,7,0
14003.0,47.15,1,0
14004.0,261.46999999999997,4,0
14006.0,72.38,4,0
14007.0,31.79,1,0
14008.0,70.71,2,0
14009.0,50.94,1,0
14010.0,86.9,3,0
14011.0,44.01,3,0
14013.0,191.35,3,0
14014.0,137.03,2,0
14016.0,947.05,8,0
14017.0,65.15,1,0
14018.0,34.17,1,0
14020.0,182.53,3,0
14021.0,245.1,4,0
14022.0,47.52,1,0
14024.0,102.69,1,0
14025.0,422.51,10,0
14026.0,119.68,2,0
14028.0,3627.9,5,2
14030.0,2463.57,16,2
14031.0,2433.68,35,2
14032.0,192.84,8,0
14033.0,0.19,1,0
14035.0,261.07,6,0
14037.0,169.86,5,0
14038.0,234.91,4,0
14039.0,17.25,1,0
14040.0,2126.45,27,2
14042.0,78.54,1,0
14043.0,113.37,3,0
14044.0,1608.23,7,0
14045.0,130.10999999999999,16,2
14047.0,555.82,14,2
14048.0,178.56,2,0
14049.0,1950.01,12,2
14051.0,493.45,17,2
14052.0,216.25,1,0
14053.0,6.67,2,0
14055.0,95.17,2,0
14057.0,374.45,5,0
14058.0,86.28,2,0
14060.0,126.62,14,2
14061.0,164.44,3,0
14062.0,718.49,15,2
14063.0,39920.95,13,1
14064.0,256.14,14,2
14065.0,181.74,4,0
14068.0,407.41,4,0
14069.0,175.97,2,0
14070.0,200.25,1,0
14072.0,122.1,1,0
14074.0,5.9,1,0
14075.0,106.42999999999999,3,0
14077.0,33.8,1,0
14078.0,275.12,4,0
14079.0,243.63,1,0
14080.0,699.64,5,0
14081.0,2136.2400000000002,13,2
14082.0,73.59,1,0
14083.0,212.12,3,0
14084.0,6.22,1,0
14085.0,1842.65,16,2
14086.0,39.95,1,0
14087.0,334.36,3,0
14088.0,1936.43,6,0
14091.0,40.84,2,0
14092.0,546.65,11,0
14094.0,126.89,2,0
14095.0,2.95,1,0
14097.0,87.0,2,0
14099.0,710.91,10,0
14101.0,86.27,8,0
14103.0,0.0,1,0
14104.0,284.63,3,0
14105.0,616.84,7,0
14106.0,8.95,1,0
14107.0,327.54,5,0
14108.0,41.2,2,0
14110.0,719.83,22,2
14112.0,447.31,15,2
14113.0,304.58,23,2
14114.0,183.48,5,0
14115.0,48.230000000000004,2,0
14118.0,78.3,1,0
14119.0,36.25,2,0
14120.0,5.95,1,0
14122.0,73.98,5,0
14123.0,78.59,1,0
14126.0,60.27,1,0
14127.0,302.11,3,0
14128.0,38.8,2,0
14129.0,122.53,4,0
14130.0,315.89,3,0
14131.0,109.47,1,0
14133.0,127.7,1,0
14134.0,603.74,15,2
14135.0,216.49,12,0
14136.0,315.28000000000003,7,0
14137.0,11.73,2,0
14139.0,98.3,3,0
14142.0,118.51,4,0
14144.0,2.55,1,0
14145.0,65.1,3,0
14146.0,750.51,7,0
14147.0,85.13,9,0
14148.0,30.97,1,0
14151.0,141.59,3,0
14152.0,142.76,6,0
14153.0,15.43,1,0
14154.0,740.99,8,0
14156.0,29888.03,138,1
14157.0,119.75,3,0
14159.0,1215.56,11,2
14160.0,269.62,7,0
14161.0,516.96,5,0
14163.0,11.14,1,0
14166.0,174.2,2,0
14167.0,268.3,4,0
14168.0,60.25,3,0
14169.0,260.67,2,0
14170.0,385.6,3,0
14171.0,19.54,1,0
14172.0,304.14,4,0
14173.0,26.83,3,0
14175.0,994.41,10,0
14176.0,56.09,2,0
14177.0,660.6,9,0
14180.0,895.14,12,2
14181.0,143.35,2,0
14182.0,265.29,5,0
14183.0,188.72,2,0
14186.0,153.06,5,0
14187.0,38.4,1,0
14189.0,205.73,2,0
14190.0,39.95,1,0
14191.0,33.6,3,0
14192.0,23.44,1,0
14193.0,56.55,1,0
14194.0,1148.53,22,2
14195.0,17.27,7,0
14197.0,93.5,1,0
14198.0,296.02,6,0
14199.0,91.7,5,0
14200.0,83.25,1,0
14201.0,59.9,3,0
14202.0,245.17999999999998,3,0
14203.0,86.34,1,0
14204.0,518.87,3,0
14205.0,437.73,9,0
14206.0,134.62,3,0
14207.0,8.9,1,0
14208.0,59.62,1,0
14209.0,756.74,12,2
14210.0,823.18,15,2
14211.0,386.51,13,2
14212.0,21.27,1,0
14213.0,48.9,2,0
14215.0,298.99,4,0
14216.0,91.02,2,0
14217.0,513.17,11,0
14219.0,151.27,2,0
14220.0,76.75,2,0
14221.0,530.18,9,0
14224.0,516.45,5,0
14225.0,262.84,5,0
14226.0,75.84,2,0
14227.0,490.23,7,0
14228.0,180.47,3,0
14229.0,182.73,6,0
14230.0,181.48,3,0
14231.0,38.93,1,0
14233.0,141.05,5,0
14235.0,157.56,4,0
14236.0,126.41,6,0
14237.0,118.53,3,0
14238.0,24.64,2,0
14239.0,377.04,11,0
14240.0,49.800000000000004,1,0
14241.0,2.5,1,0
14243.0,831.42,10,0
14244.0,23.96,2,0
14247.0,380.49,5,0
14248.0,94.87,2,0
14249.0,1166.161,12,2
14252.0,126.33,1,0
14253.0,70.75,2,0
14254.0,56.99,1,0
14255.0,3442.86,4,2
14256.0,365.74,6,0
14257.0,268.5,4,0
14258.0,836.53,22,2
14260.0,156.10999999999999,3,0
14263.0,37.74,1,0
14264.0,354.58,6,0
14265.0,195.44,2,0
14266.0,1.69,1,0
14267.0,19.9,2,0
14268.0,65.25,1,0
14269.0,103.47,2,0
14271.0,71.98,1,0
14272.0,73.39,2,0
14274.0,25.0,1,0
14275.0,44.74,6,0
14276.0,140.48,8,0
14277.0,765.23,10,0
14278.0,33.97,1,0
14279.0,13.59,2,0
14281.0,47.0,1,0
14282.0,160.0,12,0
14283.0,79.15,4,0
14284.0,122.28,1,0
14285.0,274.31,5,0
14286.0,289.1,7,0
14290.0,295.25,8,0
14291.0,577.37,13,2
14292.0,306.59,13,2
14293.0,258.18,7,0
14294.0,76.97,1,0
14295.0,246.6,6,0
14296.0,101.09,3,0
14298.0,2068.19,39,2
14299.0,676.15,25,2
14301.0,143.8,5,0
14302.0,81.4,3,0
14303.0,32.35,2,0
14304.0,249.14000000000001,3,0
14306.0,15.2,4,0
14307.0,396.9,6,0
14308.0,3143.49,5,2
14309.0,195.04999999999998,2,0
14310.0,51.0,1,0
14311.0,30.57,1,0
14312.0,413.28,5,0
14313.0,302.31,1,0
14314.0,9.15,2,0
14315.0,116.72999999999999,3,0
14316.0,27.55,6,0
14318.0,14.74,1,0
14319.0,58.42,2,0
14320.0,243.64,4,0
14321.0,136.27,3,0
14322.0,81.55,6,0
14324.0,126.21000000000001,2,0
14325.0,20.75,1,0
14326.0,160.28,2,0
14327.0,203.1,5,0
14328.0,1335.16,3,0
14329.0,1101.04,14,2
14330.0,33.99,1,0
14332.0,110.65,2,0
14334.0,281.74,5,0
14337.0,95.88,1,0
14338.0,35.23,1,0
14339.0,17.49,1,0
14341.0,350.52,11,0
14342.0,47.0,3,0
14343.0,573.68,4,0
14344.0,570.66,14,2
14346.0,231.39000000000001,3,0
14347.0,16.4,1,0
14350.0,201.04,2,0
14353.0,33.449999999999996,2,0
14355.0,130.43,3,0
14358.0,55.55,3,0
14361.0,37.94,1,0
14363.0,27.42,2,0
14365.0,100.08,2,0
14366.0,8.5,1,0
14369.0,76.1,2,0
14370.0,345.24,9,0
14372.0,174.62,3,0
14374.0,58.55,1,0
14375.0,451.99,2,0
14376.0,70.74,1,0
14378.0,33.25,1,0
14379.0,328.24,2,0
14380.0,197.65,2,0
14381.0,96.01,1,0
14382.0,341.18,2,0
14384.0,5.85,1,0
14388.0,681.0,12,2
14389.0,100.89,6,0
14390.0,746.48,7,0
14391.0,11.3,1,0
14392.0,38.0,1,0
14394.0,15.6,1,0
14395.0,1423.22,13,2
14396.0,611.64,6,0
14398.0,207.73000000000002,2,0
14399.0,516.58,9,0
14400.0,84.97,3,0
14401.0,232.9,11,0
14402.0,9.2,1,0
14403.0,25.22,4,0
14404.0,374.07,9,0
14405.0,3.9,1,0
14408.0,41.63,4,0
14409.0,102.9,6,0
14410.0,527.65,2,0
14412.0,48.74,1,0
14413.0,526.0,3,0
14414.0,123.35000000000001,1,0
14415.0,2257.95,14,2
14417.0,329.34000000000003,1,0
14419.0,70.2,1,0
14420.0,224.29999999999998,5,0
14421.0,185.58,5,0
14422.0,1025.8,15,2
14423.0,33.32,3,0
14425.0,136.68,5,0
14426.0,1331.09,11,2
14427.0,386.42,2,0
14429.0,53.27,1,0
14430.0,173.1,5,0
14431.0,194.53,3,0
14433.0,191.1,1,0
14435.0,1.67,1,0
14436.0,2.31,1,0
14437.0,146.15,6,0
14439.0,478.05,4,0
14440.0,391.47,11,0
14441.0,656.81,10,0
14442.0,1094.25,7,0
14443.0,151.41,4,0
14444.0,16.44,1,0
14445.0,86.95,1,0
14446.0,61.88,1,0
14447.0,95.59,1,0
14449.0,554.58,5,0
14450.0,112.83,4,0
14451.0,938.0600000000001,16,2
14452.0,216.55,2,0
14454.0,380.74,6,0
14455.0,112.69,5,0
14458.0,62.98,1,0
14459.0,319.111,2,0
14460.0,47.01,8,0
14461.0,1578.3,11,2
14462.0,151.43,1,0
14463.0,16.4,1,0
14464.0,14.75,2,0
14465.0,149.42000000000002,8,0
14466.0,371.71999999999997,7,0
14467.0,482.29,8,0
14468.0,63.47,1,0
14469.0,573.16,4,0
14470.0,73.45,1,0
14471.0,129.21,2,0
14472.0,157.49,1,0
14474.0,355.49,1,0
14475.0,15.700000000000001,1,0
14477.0,10.2,5,0
14478.0,150.29,4,0
14479.0,389.32,3,0
14480.0,146.82,4,0
14481.0,670.45,4,0
14482.0,299.27,8,0
14483.0,5.0,1,0
14484.0,81.51,3,0
14486.0,11.7,2,0
14487.0,125.94,3,0
14489.0,162.55,3,0
14490.0,152.87,2,0
14491.0,16.6,1,0
14492.0,467.11,10,0
14493.0,701.51,7,0
14494.0,19.86,2,0
14495.0,17.0,2,0
14496.0,482.81,9,0
14497.0,40.980000000000004,1,0
14498.0,584.67,5,0
14499.0,294.7,7,0
14505.0,2556.61,16,2
14506.0,610.62,3,0
14507.0,621.87,7,0
14508.0,455.38,4,0
14509.0,87.75,1,0
14510.0,165.12,4,0
14512.0,129.91,5,0
14513.0,13.84,3,0
14514.0,638.18,7,0
14515.0,222.64,9,0
14516.0,105.2,1,0
14519.0,109.44,2,0
14521.0,48.1,2,0
14522.0,76.5,4,0
14524.0,380.87,4,0
14525.0,639.43,8,0
14526.0,84.53,1,0
14527.0,9625.22,108,3
14530.0,925.37,13,2
14531.0,71.48,1,0
14532.0,1118.06,8,0
14533.0,128.28,6,0
14534.0,725.23,13,2
14535.0,1581.18,7,0
14537.0,67.34,2,0
14538.0,336.92,3,0
14540.0,731.72,9,0
14541.0,205.3,6,0
14543.0,1214.11,29,2
14544.0,140.81,1,0
14545.0,94.94,1,0
14546.0,996.4,11,2
14548.0,333.07,7,0
14549.0,240.98,3,0
14550.0,136.06,2,0
14551.0,210.69,7,0
14552.0,209.33,2,0
14553.0,369.4,5,0
14555.0,396.26,5,0
14556.0,559.99,3,0
14558.0,140.15,5,0
14559.0,2.1,1,0
14560.0,506.93,22,2
14562.0,463.9,8,0
14563.0,477.42,2,0
14564.0,421.29,5,0
14565.0,97.7,1,0
14566.0,20.2,3,0
14568.0,92.97,2,0
14569.0,52.62,3,0
14570.0,125.71,1,0
14571.0,87.89999999999999,1,0
14572.0,855.54,5,0
14573.0,679.44,5,0
14574.0,30.45,1,0
14575.0,238.51,1,0
14576.0,2.95,1,0
14577.0,167.09,3,0
14579.0,49.8,1,0
14580.0,4.95,1,0
14581.0,165.2,1,0
14583.0,476.08,3,0
14584.0,254.31,4,0
14585.0,147.38,4,0
14588.0,44.79,1,0
14589.0,23.85,1,0
14590.0,861.93,28,2
14593.0,1324.35,15,2
14594.0,93.27,1,0
14595.0,58.65,2,0
14596.0,192.78,1,0
14597.0,112.17,4,0
14598.0,108.17999999999999,2,0
14599.0,196.14000000000001,2,0
14600.0,70.85,1,0
14602.0,110.32000000000001,1,0
14604.0,46.66,1,0
14605.0,376.52,4,0
14606.0,11247.37,135,3
14607.0,406.93,10,0
14608.0,92.33,8,0
14609.0,2.96,7,0
14610.0,20.1,2,0
14611.0,87.25,3,0
14612.0,98.4,1,0
14613.0,1.06,1,0
14614.0,52.56,1,0
14615.0,167.36,6,0
14616.0,5.8,2,0
14617.0,25.77,2,0
14618.0,183.51999999999998,6,0
14619.0,132.75,1,0
14621.0,212.31,10,0
14623.0,433.84,6,0
14624.0,92.91,4,0
14625.0,832.47,14,2
14626.0,276.03,8,0
14627.0,96.2,2,0
14628.0,194.87,3,0
14630.0,107.2,1,0
14631.0,144.57,4,0
14634.0,264.46,7,0
14635.0,58.15,1,0
14637.0,10.12,1,0
14639.0,489.78000000000003,3,0
14640.0,331.42,8,0
14643.0,122.66,3,0
14644.0,289.92,8,0
14645.0,75.95,2,0
14646.0,5681.19,87,3
14647.0,99.15,1,0
14648.0,982.84,19,2
14649.0,1222.0,7,0
14650.0,27.4,1,0
14651.0,600.41,7,0
14653.0,611.02,5,0
14654.0,35.85,1,0
14655.0,186.85999999999999,7,0
14656.0,422.92,3,0
14657.0,218.74,2,0
14662.0,236.31,3,0
14663.0,152.95,2,0
14665.0,116.3,2,0
14667.0,2615.33,36,2
14668.0,26.34,1,0
14669.0,592.3,4,0
14670.0,127.96000000000001,1,0
14671.0,176.73,2,0
14672.0,121.63,2,0
14673.0,193.56,3,0
14674.0,37.519999999999996,1,0
14675.0,269.39,1,0
14676.0,157.52,8,0
14677.0,33.18,1,0
14678.0,100.43,2,0
14679.0,214.92,5,0
14680.0,3219.81,65,2
14681.0,72.15,3,0
14682.0,260.74,4,0
14683.0,24.55,1,0
14684.0,172.05,1,0
14685.0,668.79,13,2
14686.0,534.62,6,0
14687.0,85.32,2,0
14688.0,400.22,8,0
14690.0,182.7,2,0
14692.0,281.68,8,0
14693.0,245.60999999999999,7,0
14694.0,41.08,1,0
14695.0,311.8,4,0
14696.0,109.41,3,0
14699.0,93.36,3,0
14700.0,184.6,2,0
14701.0,848.93,6,0
14702.0,1368.89,15,2
14704.0,159.81,2,0
14706.0,79.74,1,0
14707.0,2.9,2,0
14708.0,135.66,3,0
14709.0,688.48,13,2
14710.0,619.38,9,0
14712.0,30.650000000000002,1,0
14713.0,779.97,14,2
14714.0,227.38,6,0
14715.0,225.35999999999999,4,0
14716.0,85.05,1,0
14717.0,40.7,2,0
14718.0,21.72,1,0
14721.0,72.07,1,0
14722.0,223.45,2,0
14723.0,404.79,7,0
14724.0,107.91,1,0
14725.0,86.81,4,0
14726.0,37.85,1,0
14727.0,60.96,3,0
14728.0,48.68,1,0
14729.0,277.57,3,0
14732.0,635.66,14,2
14733.0,563.77,4,0
14734.0,317.28,5,0
14735.0,720.15,25,2
14736.0,301.83,2,0
14737.0,112.39,1,0
14738.0,156.42000000000002,3,0
14739.0,522.19,21,2
14740.0,537.41,9,0
14741.0,53.9,2,0
14742.0,84.8,1,0
14743.0,3.9899999999999998,1,0
14744.0,450.71,9,0
14745.0,201.62,11,0
14746.0,13.75,4,0
14748.0,261.13,12,0
14749.0,30.69,1,0
14750.0,84.3,1,0
14751.0,18.450000000000003,2,0
14753.0,32.46,1,0
14754.0,271.81,5,0
14755.0,993.08,18,2
14756.0,347.15999999999997,3,0
14758.0,349.74,3,0
14761.0,41.91,1,0
14762.0,28.009999999999998,1,0
14763.0,9.95,1,0
14766.0,593.8100000000001,9,0
14767.0,94.33,1,0
14769.0,882.7,11,2
14770.0,606.51,7,0
14771.0,59.19,3,0
14773.0,54.95,2,0
14774.0,67.64999999999999,1,0
14775.0,23.01,1,0
14776.0,88.74,6,0
14777.0,91.91,2,0
14781.0,530.31,1,0
14783.0,44.77,2,0
14784.0,21.08,1,0
14786.0,7.04,1,0
14787.0,34.32,1,0
14788.0,83.49,1,0
14790.0,189.33,6,0
14791.0,65.79,1,0
14793.0,57.09,1,0
14794.0,335.67,4,0
14796.0,954.95,14,2
14797.0,66.73,1,0
14798.0,67.51,6,0
14799.0,34.15,1,0
14800.0,903.01,8,0
14802.0,4508.9400000000005,6,2
14805.0,351.81,3,0
14806.0,18.54,1,0
14807.0,128.24,2,0
14809.0,69.76,2,0
14810.0,180.71,3,0
14811.0,79.95,1,0
14812.0,79.42,1,0
14813.0,471.23,4,0
14814.0,81.47,1,0
14817.0,736.58,7,0
14818.0,207.23000000000002,3,0
14819.0,161.57,2,0
14820.0,164.47,5,0
14821.0,205.84,7,0
14822.0,24.1,1,0
14824.0,344.6,8,0
14825.0,473.86,16,2
14826.0,30.450000000000003,2,0
14827.0,0.0,1,0
14828.0,142.82,11,0
14829.0,156.59,4,0
14831.0,313.26,7,0
14832.0,920.01,3,0
14833.0,14.0,1,0
14834.0,111.38,1,0
14835.0,5.25,3,0
14837.0,158.0,7,0
14838.0,218.34,2,0
14839.0,172.59,3,0
14840.0,58.43,2,0
14841.0,507.07,8,0
14843.0,13.899999999999999,1,0
14844.0,405.77,8,0
14845.0,0.25,1,0
14846.0,31.77,2,0
14847.0,233.35,3,0
14848.0,14.69,1,0
14849.0,849.16,25,2
14850.0,394.46,8,0
14851.0,25.970000000000002,1,0
14852.0,323.33,15,2
14853.0,140.24,4,0
14854.0,226.18,6,0
14855.0,527.58,5,0
14857.0,449.151,7,0
14858.0,21.45,1,0
14859.0,22.37,1,0
14861.0,206.91,13,2
14864.0,8.0,1,0
14865.0,2.2,3,0
14866.0,125.03,8,0
14867.0,653.99,16,2
14868.0,129.82,4,0
14869.0,420.14,6,0
14870.0,308.55,8,0
14871.0,373.93,5,0
14872.0,76.97,4,0
14873.0,81.65,1,0
14874.0,7.180000000000001,1,0
14875.0,201.0,2,0
14876.0,32.36,2,0
14877.0,206.55,2,0
14878.0,714.45,19,2
14879.0,83.59,1,0
14882.0,221.38,13,2
14884.0,15.0,1,0
14885.0,30.52,3,0
14890.0,107.17,2,0
14891.0,71.48,2,0
14892.0,45.65,1,0
14893.0,111.23,4,0
14894.0,89.71,4,0
14895.0,2143.2,24,2
14896.0,712.19,9,0
14897.0,282.67,5,0
14898.0,628.67,12,2
14899.0,518.54,1,0
14900.0,0.29,1,0
14901.0,210.12,6,0
14902.0,110.49,3,0
14904.0,120.96000000000001,2,0
14905.0,150.01,7,0
14906.0,203.86,3,0
14907.0,506.63,14,2
14908.0,14.3,1,0
14909.0,252.67,5,0
14911.0,40282.4,270,1
14912.0,1220.31,8,0
14913.0,353.5,4,0
14914.0,1.95,1,0
14915.0,304.06,10,0
14916.0,156.95,6,0
14917.0,64.75,2,0
14918.0,402.02,7,0
14919.0,41.85,1,0
14920.0,128.33,1,0
14922.0,199.42000000000002,2,0
14924.0,151.66000000000003,2,0
14925.0,7.95,1,0
14926.0,11.1,3,0
14927.0,46.6,1,0
14928.0,38.83,2,0
14929.0,49.17,1,0
14930.0,887.61,6,0
14932.0,249.39,2,0
14933.0,14.75,5,0
14934.0,631.19,6,0
14935.0,17.779999999999998,1,0
14936.0,714.59,5,0
14938.0,239.57,4,0
14939.0,934.66,1,0
14940.0,52.55,2,0
14941.0,16.4,1,0
14942.0,87.44,5,0
14943.0,15.920000000000002,1,0
14944.0,522.03,10,0
14945.0,17.05,1,0
14947.0,234.19,4,0
14949.0,88.5,6,0
14952.0,715.22,29,2
14953.0,406.15,4,0
14954.0,120.96,1,0
14955.0,81.42,1,0
14956.0,2.12,1,0
14957.0,56.15,1,0
14958.0,163.04,3,0
14961.0,1084.99,16,2
14962.0,38.89,3,0
14963.0,646.1,8,0
14966.0,296.93,5,0
14967.0,382.42999999999995,6,0
14968.0,213.54,1,0
14969.0,42.11,1,0
14970.0,411.95,12,0
14972.0,5.050000000000001,1,0
14975.0,35.8,1,0
14977.0,9.84,1,0
14978.0,576.76,7,0
14979.0,158.65,1,0
14980.0,83.7,1,0
14981.0,39.0,2,0
14982.0,97.73,1,0
14983.0,77.1,1,0
14984.0,74.07,4,0
14986.0,230.75,2,0
14987.0,44.9,8,0
14988.0,428.89,6,0
14989.0,55.7,1,0
14990.0,99.86,2,0
14991.0,85.31,1,0
14992.0,50.839999999999996,1,0
14993.0,17.14,1,0
14994.0,703.62,8,0
14996.0,92.88,2,0
14997.0,10.959999999999999,1,0
14998.0,251.43,2,0
14999.0,29.12,1,0
15001.0,200.35,2,0
15002.0,720.95,6,0
15003.0,763.21,7,0
15005.0,3593.09,42,2
15006.0,244.12,1,0
15008.0,3.6,2,0
15011.0,41.57,2,0
15012.0,342.73,2,0
15013.0,564.11,10,0
15015.0,676.93,20,2
15016.0,266.41,5,0
15018.0,36.5,1,0
15020.0,89.41,1,0
15021.0,655.65,7,0
15022.0,52.15,1,0
15023.0,1847.67,12,2
15024.0,579.64,8,0
15025.0,249.24,1,0
15026.0,164.64,2,0
15027.0,207.66,7,0
15028.0,186.64,3,0
15029.0,30.17,2,0
15030.0,112.23,7,0
15031.0,886.74,12,2
15032.0,153.15,7,0
15034.0,1171.54,6,0
15037.0,106.93,2,0
15038.0,469.77,4,0
15039.0,4409.7,56,2
15040.0,7.49,1,0
15041.0,54.980000000000004,1,0
15042.0,2.96,1,0
15043.0,166.45,5,0
15044.0,2576.11,25,2
15046.0,698.42,12,2
15048.0,66.35,1,0
15050.0,211.76,2,0
15051.0,383.9,7,0
15055.0,267.02,3,0
15056.0,22.25,1,0
15057.0,149.83,4,0
15058.0,257.56,6,0
15059.0,1121.24,16,2
15061.0,1319.78,90,3
15062.0,290.75,4,0
15064.0,320.0,4,0
15065.0,52.89,1,0
15067.0,453.86,3,0
15068.0,244.23,2,0
15070.0,115.75,3,0
15071.0,132.64000000000001,2,0
15072.0,18.35,1,0
15073.0,433.1,5,0
15074.0,51.62,2,0
15076.0,138.78,4,0
15077.0,168.67000000000002,4,0
15078.0,1105.18,28,2
15079.0,419.2,13,2
15080.0,74.05,2,0
15081.0,339.76,8,0
15082.0,13.45,1,0
15084.0,184.73999999999998,2,0
15085.0,20.91,1,0
15086.0,31.740000000000002,2,0
15091.0,96.89,4,0
15092.0,101.1,2,0
15093.0,568.49,26,2
15094.0,15.25,2,0
15095.0,196.77,6,0
15097.0,154.37,4,0
15100.0,134.6,11,0
15101.0,308.69,8,0
15102.0,88.98,2,0
15105.0,132.58,2,0
15107.0,199.8,5,0
15109.0,96.15,2,0
15110.0,136.9,2,0
15111.0,285.06,3,0
15112.0,30.5,1,0
15114.0,111.85,2,0
15115.0,43.63,2,0
15117.0,95.1,3,0
15122.0,545.35,10,0
15123.0,225.9,3,0
15124.0,64.49,2,0
15125.0,549.5600000000001,13,2
15126.0,70.07,2,0
15127.0,56.480000000000004,1,0
15128.0,49.61,1,0
15129.0,264.46,12,0
15131.0,14.56,1,0
15133.0,63.989999999999995,2,0
15134.0,20.7,2,0
15135.0,65.28999999999999,1,0
15137.0,80.69,5,0
15138.0,144.38,2,0
15140.0,74.62,1,0
15141.0,153.26,9,0
15142.0,240.95,6,0
15143.0,54.47,1,0
15144.0,473.51,15,2
15149.0,374.42,4,0
15150.0,622.2,3,0
15151.0,786.34,2,0
15152.0,61.15,2,0
15154.0,460.96999999999997,2,0
15155.0,93.91,1,0
15157.0,37.34,2,0
15158.0,347.28999999999996,2,0
15159.0,244.05,4,0
15160.0,51.82,3,0
15161.0,61.75,1,0
15162.0,83.2,2,0
15164.0,690.23,7,0
15165.0,134.65,1,0
15166.0,29.64,1,0
15167.0,897.85,4,0
15169.0,138.65,2,0
15170.0,12.7,1,0
15173.0,246.55,8,0
15174.0,66.83,1,0
15176.0,233.17000000000002,2,0
15177.0,98.36,1,0
15179.0,714.04,10,0
15180.0,112.33,3,0
15181.0,24.04,4,0
15182.0,352.752,12,0
15183.0,145.21,4,0
15184.0,56.01,2,0
15186.0,109.68,3,0
15188.0,59.910000000000004,1,0
15189.0,100.11,5,0
15190.0,90.49,1,0
15191.0,116.3,3,0
15192.0,143.72,3,0
15194.0,461.95,18,2
15196.0,105.15,2,0
15197.0,81.25,5,0
15198.0,82.28,4,0
15199.0,159.2,6,0
15200.0,113.9,1,0
15201.0,71.11,3,0
15202.0,14573.16,8,2
15203.0,287.29,9,0
15207.0,44.96,5,0
15208.0,24.5,1,0
15209.0,45.29,1,0
15210.0,190.91,2,0
15211.0,118.79,1,0
15212.0,15.989999999999998,1,0
15215.0,518.68,5,0
15216.0,84.21,1,0
15217.0,104.02,1,0
15218.0,703.4,14,2
15219.0,42.269999999999996,1,0
15221.0,390.34999999999997,7,0
15222.0,166.3,16,2
15223.0,57.5,3,0
15224.0,56.99,5,0
15227.0,268.8,4,0
15228.0,352.02,2,0
15229.0,14.450000000000001,1,0
15231.0,33.22,2,0
15233.0,4.95,1,0
15235.0,125.87,6,0
15240.0,478.18,14,2
15241.0,99.84,3,0
15242.0,8.620000000000001,1,0
15243.0,136.29,1,0
15244.0,179.68,2,0
15245.0,109.01,5,0
15246.0,54.800000000000004,1,0
15247.0,38.18,3,0
15248.0,347.27,4,0
15249.0,564.24,6,0
15250.0,3.75,1,0
15251.0,527.15,16,2
15252.0,228.82,5,0
15253.0,167.85,6,0
15254.0,196.04,3,0
15255.0,434.13,10,0
15256.0,8.0,1,0
15257.0,159.9,1,0
15259.0,464.96,4,0
15260.0,1085.27,24,2
15261.0,303.42,3,0
15262.0,40.64,2,0
15264.0,129.13,2,0
15265.0,321.68,2,0
15266.0,230.81,5,0
15268.0,103.9,4,0
15269.0,101.08,2,0
15270.0,860.95,22,2
15271.0,878.24,11,2
15272.0,1034.97,4,0
15273.0,1.06,1,0
15276.0,360.53,4,0
15277.0,30.51,1,0
15278.0,36.62,4,0
15279.0,299.82,6,0
15280.0,89.13,2,0
15281.0,1380.47,10,2
15282.0,35.33,1,0
15283.0,64.49000000000001,4,0
15284.0,4.95,1,0
15285.0,5.67,1,0
15287.0,29.540000000000003,3,0
15288.0,281.81,6,0
15289.0,66.43,3,0
15290.0,151.5,9,0
15291.0,901.83,34,2
15293.0,29.15,1,0
15294.0,64.75,2,0
15295.0,104.82,1,0
15296.0,1092.95,10,0
15298.0,579.43,16,2
15299.0,50.0,7,0
15301.0,414.73,6,0
15302.0,91.45,2,0
15303.0,221.08,3,0
15304.0,47.3,2,0
15305.0,17.15,1,0
15306.0,280.98,7,0
15309.0,207.49,10,0
15310.0,72.55,1,0
15311.0,6436.08,158,3
15312.0,348.13,9,0
15314.0,47.4,3,0
15317.0,19.7,2,0
15321.0,575.65,14,2
15322.0,176.89,1,0
15323.0,145.95,4,0
15324.0,18.47,1,0
15325.0,406.36,8,0
15326.0,407.5,9,0
15328.0,19.71,1,0
15329.0,553.95,16,2
15331.0,83.66,4,0
15332.0,394.97,6,0
15336.0,74.4,1,0
15337.0,95.83,2,0
15338.0,148.55,1,0
15339.0,429.91,8,0
15340.0,11.1,1,0
15341.0,14.5,2,0
15346.0,79.12,3,0
15347.0,113.95,6,0
15350.0,73.15,2,0
15351.0,451.89,7,0
15352.0,102.95,1,0
15353.0,965.72,7,0
15354.0,663.6,7,0
15356.0,509.53000000000003,4,0
15357.0,36.75,1,0
15358.0,1150.35,28,2
15359.0,21.92,9,0
15361.0,90.85000000000001,3,0
15362.0,144.48,2,0
15363.0,91.79,2,0
15365.0,358.88,6,0
15366.0,163.37,5,0
15367.0,519.99,8,0
15368.0,25.65,1,0
15369.0,199.79,12,0
15370.0,162.52,1,0
15371.0,4.95,1,0
15372.0,86.57,9,0
15373.0,361.2,6,0
15374.0,6.96,1,0
15375.0,6.88,1,0
15377.0,111.0,5,0
15378.0,22.7,2,0
15379.0,196.08,1,0
15380.0,53.1,8,0
15381.0,66.39,4,0
15382.0,786.33,12,2
15383.0,10.5,1,0
15384.0,164.26,3,0
15385.0,20.42,2,0
15387.0,43.3,1,0
15389.0,4.59,4,0
15390.0,147.51,2,0
15391.0,84.86,2,0
15392.0,192.32,3,0
15393.0,128.64000000000001,3,0
15394.0,550.64,9,0
15396.0,6.7,1,0
15400.0,53.75,3,0
15401.0,64.8,2,0
15402.0,300.86,5,0
15403.0,3.3200000000000003,2,0
15404.0,27.509999999999998,1,0
15405.0,102.17,1,0
15406.0,139.57,2,0
15409.0,37.8,2,0
15410.0,115.97,2,0
15413.0,9416.82,7,2
15416.0,119.21000000000001,4,0
15418.0,147.43,2,0
15420.0,78.63,6,0
15421.0,696.26,6,0
15422.0,420.63,6,0
15423.0,100.32,3,0
15424.0,11.91,1,0
15425.0,452.07,4,0
15426.0,602.9300000000001,6,0
15428.0,197.66,3,0
15430.0,163.55,3,0
15431.0,4.04,1,0
15432.0,61.34,3,0
15434.0,261.51,7,0
15437.0,40.91,1,0
15439.0,155.65,4,0
15441.0,200.57,3,0
15443.0,749.19,8,0
15445.0,41.2,1,0
15446.0,244.34,5,0
15447.0,93.83,5,0
15448.0,50.58,1,0
15451.0,190.71,2,0
15452.0,346.21,3,0
15454.0,48.66,1,0
15455.0,25.5,1,0
15456.0,364.1,7,0
15458.0,8.7,1,0
15459.0,23.82,2,0
15461.0,29.44,3,0
15462.0,74.8,1,0
15465.0,756.13,16,2
15466.0,485.15,3,0
15468.0,159.94,2,0
15469.0,83.5,2,0
15470.0,1.26,1,0
15471.0,196.13,2,0
15473.0,8.05,1,0
15474.0,87.62,1,0
15476.0,229.8,5,0
15477.0,3.1999999999999997,1,0
15478.0,71.00999999999999,1,0
15479.0,45.4,1,0
15480.0,5909.58,6,2
15481.0,65.76,1,0
15482.0,2172.54,8,2
15483.0,310.46,6,0
15484.0,113.0,2,0
15485.0,351.07,6,0
15486.0,2.55,1,0
15487.0,34.47,1,0
15488.0,19.38,4,0
15489.0,240.92000000000002,8,0
15490.0,91.1,2,0
15493.0,1479.45,4,0
15494.0,544.06,4,0
15495.0,39.35,1,0
15496.0,58.089999999999996,1,0
15497.0,403.96,8,0
15498.0,2539.12,23,2
15499.0,120.4,1,0
15501.0,222.94,2,0
15502.0,733.3,10,0
15503.0,107.61,1,0
15504.0,206.02,4,0
15506.0,230.41,3,0
15509.0,115.94,1,0
15512.0,80.01,2,0
15513.0,1572.4,21,2
15514.0,306.06,7,0
15515.0,20.12,1,0
15518.0,660.23,10,0
15519.0,109.19,2,0
15521.0,722.59,11,0
15523.0,547.8,17,2
15524.0,82.2,1,0
15525.0,220.99,2,0
15527.0,749.78,21,2
15529.0,259.36,2,0
15530.0,66.17,1,0
15532.0,1326.89,6,0
15534.0,29.9,1,0
15535.0,286.73,4,0
15536.0,23.79,1,0
15538.0,422.1,11,0
15540.0,22.45,1,0
15542.0,665.08,4,0
15543.0,60.85,1,0
15544.0,474.61,16,2
15545.0,92.47,1,0
15546.0,98.10000000000001,3,0
15547.0,1861.56,14,2
15548.0,74.64,1,0
15549.0,184.32,5,0
15550.0,530.83,10,0
15551.0,366.45,8,0
15552.0,36.1,1,0
15555.0,1917.9,28,2
15558.0,110.06,2,0
15559.0,230.6,1,0
15560.0,26.44,2,0
15561.0,170.76,4,0
15562.0,70.58,2,0
15563.0,278.05,4,0
15564.0,8.870000000000001,2,0
15566.0,25.73,2,0
15569.0,275.33,5,0
15570.0,1756.14,15,2
15571.0,1461.0,10,2
15572.0,479.45,3,0
15573.0,316.62,3,0
15574.0,437.21999999999997,4,0
15575.0,15.55,1,0
15577.0,84.95,2,0
15579.0,384.19,5,0
15580.0,646.5600000000001,14,2
15581.0,3100.29,30,2
15583.0,85.16,1,0
15584.0,330.42,2,0
15586.0,60.33,4,0
15587.0,14.370000000000001,3,0
15588.0,24.15,1,0
15590.0,219.96,5,0
15591.0,31.950000000000003,3,0
15595.0,8.8,1,0
15596.0,409.84,8,0
15597.0,48.5,1,0
15598.0,43.03,1,0
15599.0,63.34,1,0
15600.0,268.74,5,0
15601.0,1074.98,19,2
15602.0,231.03,11,0
15603.0,3.75,2,0
15605.0,220.87,6,0
15606.0,278.93,8,0
15607.0,272.72,12,0
15608.0,93.67999999999999,1,0
15611.0,355.29,17,2
15613.0,46.18,1,0
15614.0,305.34,7,0
15615.0,1233.25,27,2
15616.0,91.09,1,0
15617.0,134.75,3,0
15620.0,76.56,2,0
15622.0,832.1899999999999,14,2
15623.0,336.7,7,0
15625.0,141.64,6,0
15626.0,57.07,2,0
15627.0,39.25,2,0
15628.0,454.14,12,0
15629.0,221.7,4,0
15630.0,45.0,1,0
15631.0,87.52,1,0
15633.0,633.48,18,2
15634.0,68.10000000000001,1,0
15635.0,37.7,1,0
15636.0,127.15,2,0
15637.0,80.46000000000001,4,0
15638.0,101.4,8,0
15639.0,118.09,4,0
15640.0,835.95,18,2
15641.0,391.82,8,0
15642.0,2.5,1,0
15645.0,75.68,3,0
15646.0,79.59,3,0
15647.0,18.6,1,0
15649.0,60.7,3,0
15650.0,180.01,3,0
15651.0,55.18,2,0
15652.0,364.27,5,0
15658.0,384.45,6,0
15659.0,58.63,2,0
15660.0,160.63,7,0
15661.0,114.09,6,0
15662.0,45.4,2,0
15664.0,145.7,5,0
15665.0,381.87,3,0
15666.0,136.73,2,0
15670.0,37.9,2,0
15672.0,20.65,1,0
15673.0,357.34,6,0
15674.0,837.19,10,0
15675.0,52.0,1,0
15677.0,135.45,2,0
15678.0,249.19,2,0
15680.0,588.5,10,0
15681.0,153.53,10,0
15682.0,54.78,3,0
15683.0,41.14,1,0
15684.0,70.3,6,0
15685.0,29.970000000000002,1,0
15686.0,1.25,1,0
15688.0,64.37,1,0
15689.0,54.09,1,0
15691.0,49.550000000000004,4,0
15693.0,1.25,1,0
15694.0,402.21,16,2
15695.0,167.74,2,0
15696.0,376.93,9,0
15697.0,48.25,1,0
15698.0,1.9,1,0
15702.0,102.48,2,0
15704.0,294.39,4,0
15708.0,491.91,5,0
15709.0,110.21,1,0
15710.0,270.98,1,0
15711.0,84.45,2,0
15712.0,458.8,8,0
15713.0,183.94,4,0
15714.0,34.89,3,0
15715.0,155.36,5,0
15716.0,605.19,8,0
15717.0,64.05,4,0
15718.0,90.92,1,0
15719.0,2324.35,25,2
15720.0,107.31,1,0
15722.0,537.72,9,0
15723.0,245.79,3,0
15724.0,20.7,2,0
15726.0,111.28,1,0
15727.0,1493.42,8,0
15728.0,49.6,2,0
15729.0,39.15,3,0
15730.0,134.76,3,0
15731.0,8.9,1,0
15732.0,216.14000000000001,11,0
15734.0,368.1,2,0
15735.0,61.3,1,0
15736.0,356.78,3,0
15738.0,637.76,28,2
15741.0,48.44,2,0
15742.0,145.17,1,0
15747.0,299.58,7,0
15748.0,55.55,2,0
15750.0,1103.951,18,2
15751.0,675.53,14,2
15752.0,436.37,3,0
15754.0,414.03000000000003,8,0
15755.0,580.12,12,2
15757.0,587.6899999999999,4,0
15759.0,56.52,7,0
15760.0,33628.55,5,1
15761.0,36.45,1,0
15764.0,185.18,4,0
15765.0,67.39,1,0
15766.0,67.55,3,0
15767.0,50.95,2,0
15768.0,6277.08,32,2
15769.0,168.23999999999998,23,2
15770.0,108.5,1,0
15771.0,93.39,3,0
15772.0,72.32,1,0
15773.0,77.37,1,0
15774.0,434.46,6,0
15775.0,0.5700000000000001,1,0
15777.0,99.92,4,0
15778.0,78.65,1,0
15779.0,66.84,2,0
15782.0,41.14,2,0
15784.0,171.73999999999998,2,0
15785.0,389.51,18,2
15786.0,662.59,4,0
15788.0,70.36,2,0
15789.0,231.05,6,0
15791.0,234.77,6,0
15792.0,138.91,2,0
15793.0,39.870000000000005,5,0
15794.0,50.65,2,0
15795.0,236.14000000000001,7,0
15796.0,728.66,12,2
15797.0,6.21,2,0
15798.0,201.48000000000002,3,0
15799.0,127.54,1,0
15800.0,310.37,5,0
15803.0,131.18,3,0
15805.0,742.96,20,2
15807.0,115.17,3,0
15808.0,2203.05,20,2
15809.0,655.61,3,0
15810.0,201.61,6,0
15811.0,554.8,2,0
15812.0,212.72,8,0
15814.0,77.47,2,0
15816.0,57.6,3,0
15817.0,455.16,3,0
15818.0,20.17,1,0
15819.0,257.44,7,0
15822.0,112.21000000000001,6,0
15823.0,571.26,5,0
15824.0,67.33,2,0
15826.0,132.82,2,0
15827.0,717.62,24,2
15828.0,336.24,1,0
15833.0,19.35,1,0
15834.0,369.44,4,0
15837.0,94.91,1,0
15838.0,74.23,19,2
15841.0,108.34,6,0
15842.0,97.03,3,0
15845.0,244.9,4,0
15846.0,52.69,1,0
15847.0,98.64,3,0
15848.0,114.74,1,0
15849.0,5876.34,1,2
15850.0,506.46,4,0
15851.0,15.940000000000001,1,0
15852.0,83.8,1,0
15854.0,453.35,9,0
15855.0,30.86,1,0
15856.0,1118.33,28,2
15857.0,17.77,1,0
15858.0,871.74,11,2
15859.0,108.64,1,0
15860.0,719.85,10,0
15861.0,409.81,6,0
15862.0,1211.05,10,2
15863.0,177.64000000000001,3,0
15864.0,3.71,1,0
15865.0,311.67,2,0
15867.0,2014.54,20,2
15868.0,10.07,1,0
15869.0,46.99,1,0
15870.0,282.03,3,0
15871.0,33.099999999999994,1,0
15872.0,208.49,2,0
15873.0,2.73,5,0
15874.0,1633.93,16,2
15875.0,43.87,1,0
15876.0,40.72,2,0
15878.0,111.83,2,0
15879.0,615.33,4,0
15880.0,229.12,2,0
15882.0,106.72,8,0
15884.0,37.26,3,0
15885.0,438.42,17,2
15886.0,171.17,3,0
15887.0,100.07000000000001,3,0
15888.0,118.05,2,0
15889.0,837.98,8,0
15890.0,125.53,5,0
15892.0,104.98,1,0
15893.0,1.06,1,0
15894.0,75.87,1,0
15896.0,1899.67,1,0
15898.0,2240.13,25,2
15899.0,16.5,1,0
15900.0,170.56,4,0
15901.0,132.05,6,0
15902.0,38.69,1,0
15903.0,141.47,7,0
15905.0,60.89,1,0
15906.0,412.05,4,0
15908.0,139.39,2,0
15910.0,635.67,7,0
15911.0,1026.54,10,0
15912.0,221.65,7,0
15913.0,2.1,1,0
15914.0,45.12,2,0
15915.0,255.92,1,0
15916.0,719.92,10,0
15917.0,332.46999999999997,4,0
15918.0,72.95,1,0
15919.0,142.94,1,0
15920.0,197.91,5,0
15921.0,253.1,3,0
15922.0,51.45,2,0
15923.0,59.11,1,0
15924.0,53.46,1,0
15926.0,7.26,1,0
15927.0,56.42,1,0
15928.0,24.6,1,0
15929.0,4.95,1,0
15931.0,67.4,1,0
15934.0,51.35,2,0
15935.0,46.160000000000004,1,0
15936.0,55.76,2,0
15938.0,45.21,4,0
15939.0,162.48,1,0
15940.0,7.95,1,0
15941.0,62.3,2,0
15943.0,20.79,2,0
15944.0,114.45,3,0
15945.0,105.22000000000001,4,0
15946.0,66.0,3,0
15948.0,89.8,1,0
15950.0,872.16,8,0
15951.0,87.3,1,0
15953.0,347.66,12,0
15954.0,34.0,1,0
15955.0,528.37,10,0
15956.0,36.9,2,0
15957.0,247.91,2,0
15958.0,211.69,3,0
15959.0,295.81,3,0
15960.0,109.25,5,0
15961.0,157.18,1,0
15962.0,93.52,1,0
15964.0,73.76,1,0
15965.0,635.27,11,0
15966.0,70.66,2,0
15967.0,1331.0,11,2
15968.0,217.44,1,0
15969.0,103.03,2,0
15970.0,40.99,1,0
15971.0,35.86,8,0
15972.0,747.8,5,0
15973.0,56.46,3,0
15976.0,772.59,4,0
15978.0,201.37,4,0
15979.0,28.25,1,0
15980.0,150.46,6,0
15981.0,578.08,19,2
15982.0,154.49,1,0
15983.0,428.43,6,0
15984.0,1201.53,22,2
15985.0,120.85000000000001,5,0
15986.0,23.5,1,0
15987.0,114.49000000000001,2,0
15988.0,295.38,2,0
15989.0,274.03,2,0
15990.0,349.51,5,0
15991.0,41.0,1,0
15992.0,118.57,2,0
15994.0,281.93,4,0
15995.0,306.12,1,0
15996.0,255.54,2,0
15997.0,1.95,1,0
15998.0,2446.0,15,2
15999.0,0.85,1,0
16001.0,100.21,2,0
16002.0,118.58,1,0
16003.0,399.47,5,0
16004.0,276.31,5,0
16005.0,661.52,7,0
16006.0,179.76,1,0
16007.0,547.62,3,0
16008.0,566.35,12,2
16010.0,424.03000000000003,9,0
16011.0,721.66,15,2
16012.0,365.05,2,0
16013.0,359.74,42,2
16014.0,356.24,2,0
16016.0,521.11,6,0
16017.0,322.79,4,0
16018.0,47.42,2,0
16019.0,1004.99,25,2
16021.0,352.84,2,0
16024.0,42.43,2,0
16027.0,86.17999999999999,11,0
16028.0,26.5,1,0
16029.0,722.23,52,2
16032.0,449.18,6,0
16033.0,909.68,10,0
16034.0,79.88,4,0
16035.0,163.23,1,0
16036.0,341.3,2,0
16037.0,112.73,4,0
16039.0,62.3,3,0
16040.0,254.85,5,0
16042.0,212.53,6,0
16043.0,126.5,4,0
16044.0,57.44,1,0
16045.0,182.59,5,0
16046.0,55.51,1,0
16047.0,107.14,1,0
16048.0,85.97,5,0
16049.0,519.21,3,0
16050.0,23.6,2,0
16051.0,31.64,1,0
16053.0,433.1,6,0
16054.0,565.4,6,0
16057.0,470.73,7,0
16058.0,6.7,1,0
16059.0,654.22,7,0
16060.0,108.05,3,0
16061.0,37.1,2,0
16062.0,324.54,4,0
16064.0,47.65,1,0
16065.0,773.13,10,0
16067.0,325.95,6,0
16068.0,97.64,1,0
16069.0,129.55,1,0
16071.0,121.63,3,0
16072.0,1996.51,3,0
16074.0,198.15,1,0
16075.0,202.79,3,0
16077.0,21.65,2,0
16078.0,78.24,1,0
16080.0,72.95,3,0
16081.0,543.3,4,0
16082.0,66.3,1,0
16083.0,81.4,2,0
16085.0,643.3,8,0
16086.0,302.64,6,0
16087.0,24.1,5,0
16088.0,26.159999999999997,2,0
16089.0,160.29,2,0
16090.0,94.33,1,0
16092.0,85.3,5,0
16094.0,669.79,13,2
16095.0,72.2,1,0
16096.0,307.76,3,0
16098.0,303.81,8,0
16099.0,59.79,5,0
16100.0,62.46,1,0
16101.0,356.67,4,0
16103.0,533.6,21,2
16104.0,798.24,10,0
16105.0,178.67000000000002,4,0
16108.0,301.59,6,0
16109.0,16.78,2,0
16110.0,354.73,1,0
16111.0,229.11,1,0
16115.0,348.12,4,0
16117.0,149.99,3,0
16118.0,136.35999999999999,5,0
16119.0,125.96000000000001,6,0
16120.0,97.92,2,0
16121.0,334.28000000000003,4,0
16122.0,51.47,3,0
16124.0,282.32,4,0
16125.0,1043.04,14,2
16126.0,816.71,11,0
16127.0,98.22,1,0
16128.0,218.78,9,0
16129.0,332.57,3,0
16130.0,325.42,4,0
16131.0,449.6,9,0
16132.0,76.95,2,0
16133.0,1380.27,32,2
16134.0,198.31,4,0
16135.0,63.4,1,0
16136.0,15.23,2,0
16137.0,75.5,1,0
16138.0,156.25,4,0
16139.0,72.26,2,0
16140.0,78.83,2,0
16141.0,119.09,1,0
16143.0,417.25,10,0
16145.0,615.65,11,0
16146.0,28.7,1,0
16147.0,340.7,6,0
16148.0,33.55,3,0
16149.0,8.76,1,0
16150.0,454.85,11,0
16151.0,4217.59,1,2
16153.0,349.7,8,0
16154.0,10.5,1,0
16155.0,168.25,6,0
16156.0,327.11,13,2
16158.0,255.47,10,0
16159.0,148.16,4,0
16161.0,1893.69,33,2
16163.0,421.15,12,0
16165.0,39.95,1,0
16166.0,103.94,4,0
16167.0,317.43,6,0
16168.0,991.65,46,2
16170.0,599.26,18,2
16172.0,88.33,3,0
16174.0,73.39999999999999,4,0
16175.0,120.45,3,0
16176.0,283.57,7,0
16177.0,447.76,11,0
16178.0,51.93,1,0
16180.0,360.87,6,0
16182.0,34.96,5,0
16183.0,106.8,3,0
16185.0,25.669999999999998,1,0
16186.0,616.9399999999999,18,2
16188.0,36.5,2,0
16190.0,476.63,7,0
16191.0,347.0,15,2
16192.0,22.92,1,0
16193.0,57.74,1,0
16194.0,43.1,1,0
16195.0,53.300000000000004,1,0
16196.0,14.85,1,0
16197.0,300.92,9,0
16198.0,62.660000000000004,1,0
16199.0,33.4,7,0
16200.0,1319.03,11,2
16201.0,47.95,1,0
16202.0,443.96000000000004,10,0
16203.0,110.08,3,0
16204.0,128.0,3,0
16205.0,235.51,3,0
16206.0,599.77,10,0
16208.0,652.5,8,0
16209.0,85.26,4,0
16210.0,675.5,21,2
16211.0,33.730000000000004,2,0
16212.0,129.07999999999998,2,0
16214.0,181.18,1,0
16218.0,157.35,12,0
16219.0,0.85,1,0
16220.0,3.39,1,0
16221.0,543.12,8,0
16222.0,112.65,1,0
16223.0,341.6,2,0
16224.0,47.53,1,0
16225.0,555.6,13,2
16226.0,41.35,2,0
16227.0,98.60000000000001,4,0
16228.0,165.38,4,0
16229.0,336.0,5,0
16231.0,226.35,4,0
16232.0,140.29,5,0
16233.0,273.31,8,0
16234.0,48.42,4,0
16235.0,414.4,5,0
16237.0,28.9,1,0
16238.0,4.85,1,0
16239.0,40.6,4,0
16241.0,880.34,4,0
16242.0,1183.05,10,2
16244.0,165.89000000000001,1,0
16246.0,257.5,2,0
16250.0,101.12,2,0
16251.0,60.62,1,0
16252.0,134.2,2,0
16253.0,396.18,6,0
16254.0,236.41,3,0
16255.0,889.98,10,0
16256.0,86.45,2,0
16258.0,509.34,11,0
16259.0,255.45000000000002,3,0
16261.0,99.49,2,0
16262.0,144.29,2,0
16263.0,60.86,1,0
16264.0,165.49,2,0
16265.0,475.85,4,0
16266.0,227.91,7,0
16267.0,8.72,1,0
16269.0,124.02,2,0
16271.0,367.33,5,0
16273.0,123.94,2,0
16274.0,286.6,1,0
16275.0,267.99,2,0
16276.0,56.870000000000005,2,0
16277.0,149.99,1,0
16278.0,212.98,4,0
16279.0,644.32,6,0
16280.0,60.9,1,0
16281.0,60.18,3,0
16282.0,84.9,2,0
16283.0,1028.7,5,0
16284.0,62.02,1,0
16285.0,92.6,1,0
16286.0,78.75,4,0
16287.0,72.14,4,0
16288.0,61.05,1,0
16289.0,41.69,2,0
16290.0,686.94,4,0
16291.0,117.72,1,0
16292.0,274.03999999999996,7,0
16293.0,487.54,8,0
16294.0,21.75,1,0
16296.0,279.17,6,0
16298.0,118.45,6,0
16299.0,38.45,2,0
16300.0,632.14,3,0
16301.0,19.94,1,0
16303.0,429.98,5,0
16304.0,69.01,1,0
16306.0,79.75,2,0
16307.0,137.5,3,0
16308.0,0.96,3,0
16310.0,87.58,2,0
16312.0,56.2,1,0
16314.0,224.55,3,0
16315.0,37.47,1,0
16316.0,523.37,7,0
16317.0,239.74,3,0
16320.0,1757.9500000000003,6,0
16321.0,43.300000000000004,3,0
16323.0,5.1899999999999995,1,0
16325.0,309.94,12,0
16326.0,1068.43,11,2
16327.0,1361.33,15,2
16328.0,46.07,1,0
16329.0,260.79,4,0
16330.0,193.15,4,0
16331.0,167.2,6,0
16332.0,143.76,5,0
16334.0,159.98,1,0
16335.0,1278.86,8,0
16336.0,250.16,4,0
16340.0,368.09,2,0
16341.0,134.97,4,0
16343.0,125.58,1,0
16344.0,81.02,3,0
16345.0,191.48,1,0
16346.0,21.93,1,0
16347.0,869.99,11,2
16348.0,44.88,1,0
16350.0,288.73,8,0
16351.0,384.64,17,2
16353.0,173.49,19,2
16354.0,265.21999999999997,3,0
16355.0,156.57,2,0
16356.0,59.7,3,0
16357.0,24.92,1,0
16358.0,86.53,1,0
16359.0,199.67000000000002,8,0
16362.0,37.67,2,0
16365.0,350.68,8,0
16366.0,195.75,3,0
16367.0,157.26,1,0
16368.0,72.34,1,0
16369.0,189.75,4,0
16371.0,40.55,1,0
16372.0,515.1,4,0
16373.0,83.65,2,0
16374.0,791.14,3,0
16375.0,22.25,2,0
16377.0,2.63,1,0
16381.0,196.1,2,0
16382.0,186.01,2,0
16383.0,960.86,7,0
16384.0,93.97,2,0
16385.0,158.1,3,0
16386.0,148.96,1,0
16387.0,308.43,4,0
16388.0,37.3,1,0
16390.0,119.55,3,0
16391.0,757.43,4,0
16392.0,227.79,2,0
16393.0,886.09,11,2
16395.0,1002.35,12,2
16396.0,20.4,3,0
16397.0,53.94,1,0
16399.0,109.76,1,0
16400.0,603.02,8,0
16401.0,334.91,19,2
16402.0,149.75,1,0
16404.0,12.75,1,0
16406.0,300.45,3,0
16407.0,215.47,4,0
16408.0,66.45,1,0
16409.0,1401.29,7,0
16410.0,3.98,1,0
16411.0,337.96,3,0
16412.0,263.88,4,0
16413.0,113.34,1,0
16414.0,173.45,3,0
16415.0,230.63,2,0
16416.0,281.66,6,0
16417.0,5.95,1,0
16418.0,232.57,2,0
16419.0,134.07,2,0
16420.0,2.07,1,0
16421.0,254.29,3,0
16422.0,781.41,72,2
16424.0,26.75,1,0
16428.0,302.62,3,0
16430.0,119.92,6,0
16433.0,37.9,1,0
16434.0,337.8,6,0
16435.0,525.36,3,0
16436.0,99.18,4,0
16437.0,43.55,2,0
16439.0,42.05,1,0
16440.0,73.4,1,0
16441.0,207.56,4,0
16442.0,197.56,2,0
16443.0,1.69,1,0
16444.0,734.32,15,2
16445.0,263.38,3,0
16446.0,4.5,1,0
16447.0,253.71,2,0
16448.0,62.11,1,0
16450.0,138.93,3,0
16451.0,132.73,3,0
16452.0,33.49,2,0
16453.0,47.01,2,0
16454.0,20.05,5,0
16455.0,347.67,8,0
16456.0,1551.28,10,2
16458.0,429.21,12,0
16459.0,12.84,1,0
16461.0,562.08,2,0
16465.0,125.4,3,0
16466.0,826.63,9,0
16467.0,30.91,8,0
16468.0,101.07,2,0
16469.0,86.06,1,0
16470.0,793.44,7,0
16471.0,137.69,5,0
16472.0,273.91,2,0
16473.0,16.740000000000002,1,0
16476.0,95.05,3,0
16477.0,260.08,5,0
16481.0,52.25,3,0
16485.0,382.85,6,0
16486.0,47.89,1,0
16487.0,70.3,2,0
16489.0,44.8,2,0
16490.0,42.34,2,0
16491.0,108.89,2,0
16492.0,58.76,1,0
16493.0,135.38,3,0
16496.0,97.92999999999999,3,0
16497.0,845.28,17,2
16499.0,413.57,9,0
16500.0,64.1,4,0
16501.0,551.47,1,0
16502.0,174.0,2,0
16503.0,522.84,8,0
16507.0,84.53999999999999,1,0
16508.0,161.57,1,0
16510.0,440.81,6,0
16511.0,486.62,3,0
16512.0,16.95,1,0
16514.0,134.86,1,0
16515.0,317.12,5,0
16518.0,131.3,3,0
16519.0,117.22,3,0
16520.0,679.76,5,0
16521.0,606.44,3,0
16522.0,85.58,2,0
16523.0,466.09,11,0
16524.0,182.55,2,0
16525.0,617.34,26,2
16526.0,113.06,1,0
16527.0,209.49,1,0
16529.0,360.77,3,0
16530.0,17.65,1,0
16531.0,172.98,5,0
16532.0,7.57,2,0
16534.0,184.84,1,0
16535.0,98.66,2,0
16537.0,2.05,1,0
16538.0,83.3,3,0
16539.0,647.95,7,0
16540.0,97.95,1,0
16541.0,144.35,2,0
16542.0,20.650000000000002,1,0
16543.0,27.33,2,0
16544.0,38.74,6,0
16545.0,10.16,1,0
16546.0,159.35,6,0
16547.0,58.32,1,0
16548.0,30.15,1,0
16549.0,4745.62,27,2
16550.0,1608.1,22,2
16551.0,224.91,4,0
16552.0,23.189999999999998,1,0
16553.0,424.75,23,2
16554.0,540.39,11,0
16555.0,198.44,8,0
16556.0,1640.92,17,2
16558.0,1119.96,24,2
16559.0,68.15,1,0
16560.0,609.66,7,0
16562.0,40.519999999999996,1,0
16563.0,167.46,6,0
16564.0,16.45,1,0
16565.0,42.1,4,0
16568.0,61.45,2,0
16569.0,59.96,4,0
16570.0,980.44,16,2
16571.0,346.57,12,0
16574.0,115.2,2,0
16575.0,10.49,1,0
16576.0,114.79,5,0
16577.0,97.60000000000001,1,0
16578.0,13.05,1,0
16579.0,73.25,2,0
16580.0,5.0,1,0
16583.0,42.9,2,0
16584.0,154.49,4,0
16585.0,55.480000000000004,2,0
16586.0,100.79,2,0
16588.0,218.27,4,0
16589.0,14.030000000000001,1,0
16590.0,135.15,3,0
16592.0,495.37,15,2
16593.0,235.78,6,0
16595.0,813.29,4,0
16596.0,65.54,3,0
16599.0,32.75,1,0
16600.0,184.44,10,0
16601.0,125.4,2,0
16602.0,62.2,3,0
16604.0,40.95,3,0
16605.0,0.42,1,0
16606.0,97.63,2,0
16607.0,343.8,13,2
16608.0,415.37,2,0
16611.0,403.51,5,0
16612.0,345.05,6,0
16614.0,155.35,2,0
16615.0,69.61,2,0
16619.0,374.0,3,0
16620.0,187.97,4,0
16622.0,81.4,2,0
16623.0,165.05,4,0
16625.0,169.29,5,0
16628.0,33.6,2,0
16630.0,7.65,2,0
16631.0,338.84,8,0
16632.0,43.55,2,0
16634.0,458.81,9,0
16635.0,55.120000000000005,1,0
16636.0,191.32,4,0
16638.0,134.32,6,0
16639.0,129.67000000000002,1,0
16640.0,18.35,1,0
16641.0,47.550000000000004,1,0
16642.0,50.65,2,0
16643.0,73.61,2,0
16645.0,33.34,1,0
16646.0,50.61,2,0
16647.0,64.95,2,0
16648.0,45.69,2,0
16649.0,136.19,1,0
16650.0,171.45,6,0
16651.0,17.6,1,0
16652.0,731.59,13,2
16654.0,223.4,5,0
16655.0,1038.46,8,0
16656.0,148.8,23,2
16658.0,284.05,9,0
16660.0,26.12,3,0
16661.0,257.97,5,0
16662.0,140.3,1,0
16663.0,1.65,1,0
16664.0,42.0,1,0
16666.0,41.65,1,0
16668.0,85.12,7,0
16669.0,1144.73,1,0
16670.0,814.55,16,2
16673.0,56.29,1,0
16675.0,63.97,2,0
16676.0,247.26,2,0
16677.0,184.52,3,0
16679.0,93.39,3,0
16680.0,56.9,2,0
16681.0,10.52,1,0
16683.0,63.21,2,0
16684.0,1263.27,34,2
16686.0,1103.77,9,0
16687.0,16.02,1,0
16690.0,19.85,2,0
16691.0,71.36,2,0
16692.0,2.1,2,0
16693.0,265.48,3,0
16694.0,50.00000000000001,1,0
16695.0,78.15,2,0
16699.0,155.65,8,0
16700.0,518.43,15,2
16701.0,281.63,16,2
16702.0,345.01,5,0
16703.0,15.0,1,0
16704.0,159.63,2,0
16705.0,1545.991,32,2
16707.0,164.53,4,0
16709.0,964.58,9,0
16710.0,1461.79,14,2
16711.0,58.93,5,0
16712.0,269.42,2,0
16713.0,2630.23,22,2
16714.0,80.03,3,0
16715.0,11.19,1,0
16716.0,9.2,1,0
16717.0,584.76,12,2
16718.0,437.0,5,0
16719.0,897.8,10,0
16720.0,386.78,3,0
16722.0,290.1,12,0
16723.0,243.56,2,0
16724.0,40.65,1,0
16725.0,806.2,9,0
16726.0,236.67000000000002,2,0
16727.0,269.61,3,0
16731.0,77.33,1,0
16732.0,1223.09,8,0
16733.0,34.54,1,0
16735.0,453.19,15,2
16736.0,640.18,8,0
16737.0,1.45,1,0
16739.0,85.09,2,0
16740.0,89.36,1,0
16741.0,35.68,1,0
16742.0,216.75,13,2
16743.0,269.36,7,0
16746.0,1331.72,27,2
16748.0,174.7,10,0
16749.0,219.89000000000001,2,0
16752.0,122.35,1,0
16754.0,268.63,35,2
16755.0,372.72,5,0
16756.0,225.37,8,0
16757.0,16.91,1,0
16760.0,27.45,1,0
16763.0,64.95,1,0
16765.0,132.7,1,0
16767.0,125.33,5,0
16768.0,421.9,9,0
16769.0,321.44,3,0
16770.0,573.78,6,0
16771.0,494.58,5,0
16772.0,496.59999999999997,5,0
16773.0,163.57,2,0
16774.0,308.66,4,0
16775.0,485.38,7,0
16776.0,91.24,1,0
16777.0,399.36,4,0
16779.0,1543.56,35,2
16780.0,128.43,1,0
16781.0,242.95,3,0
16782.0,4991.07,33,2
16783.0,83.45,1,0
16784.0,321.56,4,0
16785.0,114.83,1,0
16786.0,0.72,1,0
16787.0,397.07,4,0
16788.0,795.23,3,0
16791.0,1134.73,10,0
16792.0,221.98,3,0
16794.0,437.84,5,0
16795.0,748.87,5,0
16797.0,1166.52,9,0
16798.0,730.01,4,0
16799.0,362.9,3,0
16802.0,95.49,2,0
16805.0,358.09,3,0
16807.0,196.17,5,0
16809.0,229.75,4,0
16810.0,103.1,2,0
16812.0,293.47,4,0
16814.0,1751.9,16,2
16815.0,189.1,2,0
16817.0,178.93,7,0
16819.0,47.34,2,0
16821.0,71.65,1,0
16822.0,46.68,3,0
16823.0,381.72,7,0
16824.0,32.1,1,0
16825.0,105.53999999999999,3,0
16827.0,75.48,5,0
16829.0,73.10000000000001,1,0
16830.0,179.19,4,0
16831.0,16.7,1,0
16832.0,18.49,2,0
16833.0,473.86,2,0
16834.0,34.22,1,0
16835.0,334.71,9,0
16836.0,79.25,2,0
16838.0,138.51,3,0
16839.0,328.8,13,2
16840.0,35.69,3,0
16841.0,234.31,7,0
16843.0,510.88,21,2
16844.0,103.45,2,0
16845.0,68.86,1,0
16846.0,98.31,2,0
16847.0,140.85,1,0
16848.0,187.7,3,0
16853.0,13.5,1,0
16854.0,188.64000000000001,2,0
16856.0,48.43,2,0
16857.0,28.65,1,0
16858.0,578.32,16,2
16859.0,117.14,5,0
16860.0,242.35,4,0
16861.0,120.11,4,0
16862.0,82.56,4,0
16863.0,59.37,2,0
16864.0,38.0,2,0
16865.0,25.37,1,0
16867.0,9.17,1,0
16868.0,227.85999999999999,3,0
16870.0,77.96000000000001,1,0
16872.0,52.51,3,0
16873.0,559.38,7,0
16874.0,110.82000000000001,1,0
16875.0,516.08,11,0
16876.0,63.550000000000004,1,0
16879.0,140.95999999999998,2,0
16880.0,35.49,1,0
16883.0,905.45,19,2
16884.0,281.75,2,0
16885.0,94.03,1,0
16886.0,61.4,2,0
16887.0,179.74,2,0
16888.0,222.63,3,0
16889.0,200.85999999999999,3,0
16890.0,36.94,3,0
16891.0,995.47,7,0
16892.0,156.46,2,0
16893.0,213.39000000000001,2,0
16894.0,925.34,5,0
16895.0,344.73,4,0
16896.0,103.95,1,0
16898.0,290.86,4,0
16899.0,146.62,2,0
16901.0,140.89000000000001,1,0
16903.0,298.17,3,0
16904.0,656.94,7,0
16905.0,552.09,13,2
16906.0,454.42,3,0
16907.0,348.12,5,0
16908.0,83.39,2,0
16911.0,85.05,3,0
16912.0,342.56,4,0
16913.0,50.53,2,0
16915.0,512.75,5,0
16916.0,319.94,3,0
16917.0,241.03,2,0
16918.0,747.87,12,2
16919.0,1019.0,18,2
16920.0,124.65,1,0
16921.0,167.89,2,0
16922.0,369.44,1,0
16923.0,1315.32,15,2
16925.0,42.96,1,0
16926.0,635.71,6,0
16928.0,564.48,15,2
16931.0,229.1,3,0
16932.0,217.04,2,0
16933.0,832.01,11,2
16934.0,323.87,5,0
16935.0,143.88,3,0
16936.0,159.24,1,0
16937.0,101.45,1,0
16938.0,1525.16,5,0
16939.0,145.23,3,0
16940.0,672.56,8,0
16941.0,5.5,1,0
16943.0,965.52,4,0
16944.0,41.28,1,0
16945.0,446.86,16,2
16946.0,272.07,6,0
16947.0,112.03,9,0
16948.0,57.86,4,0
16950.0,259.83,10,0
16952.0,228.09,3,0
16954.0,375.39,12,0
16955.0,102.35,6,0
16958.0,181.92000000000002,1,0
16960.0,729.03,6,0
16961.0,145.48,5,0
16962.0,40.24,1,0
16964.0,27.3,2,0
16970.0,11.9,1,0
16972.0,398.9,2,0
16973.0,12.7,1,0
16974.0,42.5,2,0
16975.0,114.85,5,0
16977.0,147.6,4,0
16978.0,106.1,2,0
16979.0,146.11,4,0
16980.0,55.18,1,0
16981.0,4620.86,1,2
16983.0,384.3,5,0
16984.0,2888.79,14,2
16985.0,1854.2,15,2
16986.0,701.75,9,0
16987.0,531.97,5,0
16988.0,65.3,1,0
16990.0,1.65,1,0
16991.0,169.05,1,0
16992.0,1134.02,9,0
16993.0,233.85,3,0
16994.0,779.32,1,0
16995.0,1.25,1,0
16996.0,124.24,4,0
16998.0,8.0,1,0
17000.0,48.92,2,0
17001.0,290.35,8,0
17002.0,113.34,4,0
17003.0,234.0,4,0
17004.0,62.13,2,0
17005.0,44.56,3,0
17006.0,261.13,4,0
17007.0,64.44,1,0
17008.0,3.39,1,0
17009.0,19.0,1,0
17011.0,20.18,3,0
17012.0,89.04,1,0
17013.0,3224.76,2,0
17016.0,154.51,1,0
17017.0,6203.749999999999,18,2
17018.0,116.25,4,0
17019.0,961.31,10,0
17020.0,111.78999999999999,2,0
17021.0,139.49,6,0
17022.0,33.65,1,0
17023.0,126.92999999999999,3,0
17025.0,54.08,4,0
17026.0,16.55,2,0
17027.0,222.44,3,0
17028.0,327.19,3,0
17029.0,63.08,5,0
17031.0,54.75,4,0
17032.0,1571.1,13,2
17033.0,65.4,1,0
17034.0,79.35,3,0
17035.0,18.99,2,0
17036.0,59.15,1,0
17038.0,104.21,1,0
17039.0,172.94,1,0
17040.0,1.69,1,0
17041.0,144.19,3,0
17043.0,378.79,4,0
17044.0,567.22,13,2
17045.0,183.16,2,0
17046.0,102.95,4,0
17047.0,263.74,3,0
17048.0,134.15,5,0
17049.0,1286.21,14,2
17050.0,672.53,6,0
17051.0,197.01,3,0
17055.0,92.0,1,0
17056.0,33.0,1,0
17057.0,147.07,1,0
17059.0,836.03,6,0
17062.0,216.13,4,0
17063.0,329.31,12,0
17065.0,40.6,2,0
17066.0,48.92,1,0
17067.0,28.07,3,0
17068.0,1809.92,28,2
17069.0,384.64,9,0
17070.0,86.86,1,0
17071.0,281.25,6,0
17072.0,38.32,1,0
17074.0,41.2,1,0
17075.0,486.52,6,0
17076.0,65.97,3,0
17077.0,8.5,1,0
17080.0,87.31,5,0
17081.0,487.34,4,0
17082.0,222.86,4,0
17083.0,182.13,8,0
17084.0,348.31,2,0
17085.0,2329.17,26,2
17087.0,38.44,1,0
17089.0,15.4,1,0
17090.0,84.83,7,0
17091.0,815.47,14,2
17092.0,658.15,10,0
17093.0,39.69,1,0
17094.0,7.1,1,0
17095.0,179.89000000000001,6,0
17096.0,665.6,10,0
17097.0,235.49,2,0
17098.0,110.38,3,0
17099.0,127.12,1,0
17101.0,132.54,3,0
17103.0,53.980000000000004,1,0
17104.0,86.39,1,0
17106.0,238.94,1,0
17107.0,784.73,6,0
17108.0,47.25,1,0
17109.0,73.38,2,0
17110.0,150.9,2,0
17111.0,24.31,1,0
17112.0,98.82000000000001,1,0
17113.0,724.28,8,0
17115.0,469.3,8,0
17116.0,72.13,1,0
17121.0,44.839999999999996,1,0
17122.0,37.92,3,0
17123.0,68.44,2,0
17126.0,511.7,4,0
17127.0,151.94,5,0
17129.0,13.45,1,0
17130.0,18.38,1,0
17132.0,255.46,2,0
17133.0,65.79,6,0
17134.0,72.75,1,0
17135.0,190.65,5,0
17136.0,39.26,1,0
17137.0,377.11,6,0
17138.0,891.36,6,0
17139.0,1136.78,14,2
17141.0,509.71,4,0
17142.0,303.84999999999997,3,0
17143.0,416.14,2,0
17145.0,544.15,7,0
17146.0,1135.51,13,2
17147.0,360.46,10,0
17149.0,47.7,1,0
17150.0,464.79,6,0
17151.0,22.3,1,0
17152.0,10.9,1,0
17155.0,87.6,5,0
17156.0,87.12,2,0
17157.0,383.9,17,2
17158.0,198.49,3,0
17159.0,119.91,2,0
17160.0,690.36,12,2
17161.0,132.43,1,0
17163.0,27.36,2,0
17165.0,410.52,7,0
17167.0,247.29,3,0
17168.0,68.85,1,0
17169.0,81.8,2,0
17170.0,23.72,3,0
17171.0,63.64,1,0
17172.0,33.67,4,0
17176.0,55.83,2,0
17177.0,98.55,1,0
17178.0,168.39000000000001,1,0
17179.0,177.3,3,0
17180.0,572.1899999999999,8,0
17181.0,62.300000000000004,2,0
17182.0,35.7,2,0
17184.0,55.33,2,0
17185.0,87.81,3,0
17187.0,24.23,1,0
17188.0,260.89,8,0
17189.0,142.07,3,0
17190.0,542.33,5,0
17191.0,1034.08,12,2
17192.0,63.269999999999996,1,0
17193.0,41.129999999999995,3,0
17194.0,108.96,1,0
17195.0,49.49,1,0
17196.0,250.95,1,0
17198.0,233.35,2,0
17199.0,7.19,1,0
17200.0,53.730000000000004,4,0
17201.0,384.87,4,0
17202.0,23.5,1,0
17203.0,257.08,4,0
17204.0,474.87,6,0
17205.0,23.25,2,0
17207.0,130.67,1,0
17208.0,45.84,1,0
17209.0,104.25,3,0
17210.0,72.94,1,0
17211.0,446.43,7,0
17212.0,45.160000000000004,2,0
17213.0,515.19,10,0
17215.0,27.7,1,0
17216.0,42.85,1,0
17217.0,52.6,1,0
17218.0,662.31,9,0
17219.0,37.660000000000004,1,0
17220.0,464.26,7,0
17221.0,164.15,3,0
17222.0,261.99,5,0
17223.0,252.25,2,0
17224.0,57.14,1,0
17225.0,16.3,1,0
17226.0,103.71,2,0
17227.0,90.49,7,0
17228.0,291.76,7,0
17230.0,645.48,12,2
17231.0,2131.78,21,2
17233.0,102.9,2,0
17235.0,188.62,7,0
17236.0,278.71,6,0
17237.0,193.21,2,0
17238.0,1915.91,17,2
17239.0,54.7,4,0
17240.0,11.35,1,0
17241.0,794.28,12,2
17242.0,94.38,3,0
17243.0,3219.73,51,2
17244.0,245.31,4,0
17245.0,21.09,1,0
17246.0,22.41,2,0
17248.0,130.99,1,0
17249.0,39.75,1,0
17251.0,154.33,3,0
17254.0,67.12,1,0
17255.0,241.62,2,0
17256.0,28.189999999999998,3,0
17257.0,30.7,2,0
17258.0,142.85,2,0
17259.0,565.36,5,0
17260.0,61.150000000000006,1,0
17261.0,113.34,1,0
17262.0,50.32,7,0
17264.0,132.45,1,0
17266.0,143.31,2,0
17268.0,67.85,7,0
17269.0,331.38,1,0
17270.0,135.34,2,0
17271.0,143.56,1,0
17273.0,20.9,1,0
17274.0,174.7,1,0
17275.0,85.61,1,0
17276.0,176.24,2,0
17278.0,4.6,1,0
17280.0,10.08,1,0
17281.0,16.9,6,0
17282.0,326.03,2,0
17283.0,35.230000000000004,1,0
17284.0,827.8000000000001,4,0
17285.0,223.79,2,0
17286.0,93.42,2,0
17287.0,1306.9,18,2
17288.0,505.22,4,0
17289.0,397.24,7,0
17290.0,291.93,6,0
17292.0,71.77,2,0
17293.0,294.16,8,0
17294.0,45.88,2,0
17296.0,128.4,1,0
17298.0,62.72,4,0
17299.0,120.12,2,0
17300.0,88.92999999999999,2,0
17301.0,95.95,1,0
17304.0,15.84,1,0
17305.0,27.63,1,0
17306.0,4.78,2,0
17307.0,112.31,15,2
17308.0,6.21,2,0
17309.0,87.65,2,0
17310.0,5.1,2,0
17311.0,177.79,5,0
17314.0,406.05,11,0
17315.0,942.19,6,0
17316.0,99.10000000000001,1,0
17318.0,66.07,1,0
17319.0,6.15,1,0
17320.0,455.21000000000004,4,0
17321.0,589.95,4,0
17322.0,380.14,7,0
17323.0,161.63,5,0
17324.0,216.46,10,0
17325.0,111.21,2,0
17326.0,270.53000000000003,2,0
17327.0,18.66,2,0
17328.0,11.3,1,0
17329.0,169.87,3,0
17330.0,59.900000000000006,2,0
17332.0,244.47,5,0
17334.0,62.57,1,0
17335.0,122.23,2,0
17336.0,1.69,1,0
17338.0,1670.81,10,2
17339.0,20.9,3,0
17340.0,1430.12,16,2
17341.0,511.69,3,0
17342.0,258.06,7,0
17343.0,244.62,5,0
17344.0,103.02,2,0
17345.0,259.28000000000003,8,0
17346.0,1102.3,12,2
17348.0,438.43,4,0
17349.0,190.25,4,0
17350.0,231.331,3,0
17351.0,231.75,9,0
17352.0,17.25,1,0
17353.0,22.5,5,0
17354.0,187.44,3,0
17355.0,77.18,1,0
17356.0,101.24,4,0
17358.0,292.25,3,0
17359.0,69.9,1,0
17360.0,354.67,4,0
17361.0,73.53,2,0
17362.0,337.91,6,0
17363.0,81.5,3,0
17364.0,2069.23,19,2
17365.0,642.69,8,0
17366.0,391.68,3,0
17368.0,421.06,7,0
17369.0,0.85,1,0
17371.0,142.46,3,0
17372.0,1356.17,23,2
17373.0,50.94,3,0
17374.0,83.33,2,0
17375.0,62.19,1,0
17376.0,86.38,2,0
17377.0,4122.99,72,3
17378.0,21.9,2,0
17380.0,27.5,4,0
17381.0,109.21000000000001,12,0
17382.0,35.01,7,0
17383.0,11.2,1,0
17384.0,16.35,1,0
17386.0,23.05,1,0
17388.0,78.9,7,0
17389.0,1173.81,34,2
17390.0,32.25,1,0
17392.0,49.17,1,0
17393.0,138.5,2,0
17395.0,6.25,1,0
17396.0,114.64,9,0
17397.0,130.28,1,0
17399.0,25111.09,1,1
17400.0,974.7,3,0
17401.0,53.15,1,0
17402.0,532.07,15,2
17403.0,70.29,1,0
17404.0,186.9,10,0
17406.0,435.04,14,2
17407.0,52.9,1,0
17408.0,27.48,3,0
17409.0,268.05,8,0
17411.0,130.52,6,0
17412.0,981.9300000000001,13,2
17413.0,37.42,2,0
17414.0,7.37,4,0
17416.0,1148.52,16,2
17417.0,43.64,1,0
17418.0,15.26,1,0
17419.0,353.55,8,0
17420.0,99.89999999999999,6,0
17421.0,105.51,3,0
17422.0,240.69,10,0
17423.0,25.55,1,0
17424.0,176.96,1,0
17426.0,511.91,10,0
17428.0,1321.23,19,2
17429.0,131.84,3,0
17430.0,72.21000000000001,3,0
17432.0,569.18,7,0
17433.0,109.5,1,0
17435.0,65.2,1,0
17436.0,39.81,5,0
17437.0,186.66,1,0
17438.0,260.76,4,0
17439.0,17.71,1,0
17440.0,3.81,1,0
17441.0,43.07,1,0
17442.0,425.15,14,2
17445.0,506.51,1,0
17448.0,2415.5,53,2
17449.0,839.3,6,0
17450.0,289.23,8,0
17452.0,227.28,1,0
17454.0,217.23,7,0
17456.0,200.23,2,0
17457.0,143.35,13,0
17458.0,82.24,1,0
17460.0,423.14,15,2
17463.0,297.96,3,0
17464.0,86.52,3,0
17465.0,445.95,9,0
17467.0,26.5,1,0
17468.0,2.55,1,0
17469.0,668.94,16,2
17470.0,172.48,7,0
17471.0,53.3,1,0
17472.0,151.42,1,0
17473.0,113.55,3,0
17474.0,36.05,1,0
17476.0,217.09,4,0
17477.0,279.43,5,0
17478.0,138.03,2,0
17479.0,35.94,1,0
17480.0,52.86,1,0
17482.0,234.39,2,0
17483.0,25.79,1,0
17484.0,32.81,2,0
17485.0,22.1,1,0
17487.0,48.5,1,0
17488.0,55.7,1,0
17490.0,113.65,2,0
17491.0,161.97,8,0
17492.0,106.3,2,0
17493.0,23.19,1,0
17494.0,12.85,1,0
17495.0,116.64,2,0
17496.0,272.83,4,0
17497.0,50.35,2,0
17499.0,141.72,2,0
17504.0,572.96,9,0
17505.0,177.22,3,0
17508.0,645.17,8,0
17510.0,23.44,1,0
17511.0,2751.18,42,2
17512.0,174.29,9,0
17513.0,41.95,2,0
17514.0,112.88,1,0
17515.0,573.52,5,0
17516.0,138.97,1,0
17518.0,184.05,2,0
17519.0,535.61,11,0
17521.0,124.55,2,0
17524.0,82.35,3,0
17525.0,77.35000000000001,2,0
17526.0,480.6,9,0
17529.0,305.46,2,0
17530.0,415.67,4,0
17531.0,234.6,7,0
17532.0,10.47,1,0
17533.0,1.45,1,0
17534.0,230.88,4,0
17536.0,34.29,2,0
17539.0,574.79,7,0
17540.0,110.05,4,0
17541.0,109.37,1,0
17542.0,83.54,2,0
17543.0,45.2,1,0
17544.0,312.23,3,0
17545.0,343.83,3,0
17546.0,648.05,1,0
17547.0,160.4,4,0
17548.0,60.76,4,0
17550.0,987.08,7,0
17552.0,301.03,12,0
17553.0,11.0,3,0
17555.0,305.57,3,0
17556.0,17.970000000000002,1,0
17557.0,8.5,1,0
17558.0,125.92,1,0
17559.0,9.44,1,0
17560.0,38.47,4,0
17561.0,401.87,3,0
17563.0,94.07000000000001,5,0
17565.0,85.39,1,0
17567.0,167.65,2,0
17568.0,98.98,1,0
17570.0,200.0,2,0
17571.0,127.39,1,0
17572.0,57.79,7,0
17575.0,30.799999999999997,1,0
17576.0,1750.69,24,2
17577.0,51.9,2,0
17578.0,232.64000000000001,8,0
17579.0,198.85,1,0
17580.0,157.94,2,0
17581.0,1327.74,24,2
17582.0,327.36,5,0
17583.0,19.65,1,0
17584.0,373.18,4,0
17585.0,420.77,3,0
17586.0,23.8,1,0
17587.0,146.13,1,0
17588.0,223.31,6,0
17589.0,2776.15,17,2
17591.0,413.4,2,0
17592.0,103.1,2,0
17593.0,599.33,9,0
17594.0,130.8,2,0
17596.0,572.6,8,0
17597.0,242.62,6,0
17598.0,32.69,1,0
17599.0,22.95,3,0
17601.0,166.75,1,0
17602.0,776.53,10,0
17603.0,336.21,6,0
17604.0,326.04,4,0
17605.0,28.75,1,0
17606.0,13.3,1,0
17607.0,53.68,1,0
17608.0,132.79,2,0
17609.0,300.56,8,0
17610.0,531.66,8,0
17611.0,1544.79,16,2
17612.0,866.38,22,2
17615.0,127.81,4,0
17616.0,5.1,2,0
17617.0,58.800000000000004,2,0
17618.0,1049.5,10,0
17621.0,151.48,4,0
17622.0,156.9,3,0
17623.0,785.07,6,0
17624.0,155.0,2,0
17625.0,928.57,4,0
17626.0,33.81,1,0
17627.0,22.44,2,0
17629.0,130.45,2,0
17631.0,100.34,4,0
17632.0,12.7,2,0
17633.0,131.05,3,0
17635.0,206.69,4,0
17638.0,5.85,2,0
17639.0,152.5,5,0
17640.0,146.71,7,0
17641.0,6.95,1,0
17642.0,136.32,3,0
17643.0,107.25,2,0
17644.0,601.14,11,0
17645.0,4.95,1,0
17646.0,853.58,13,2
17647.0,25.849999999999998,2,0
17648.0,62.66,1,0
17649.0,181.81,3,0
17651.0,297.36,8,0
17655.0,112.28,3,0
17657.0,15.75,1,0
17659.0,212.43,4,0
17660.0,106.34,1,0
17661.0,6.75,1,0
17662.0,68.31,2,0
17663.0,762.54,14,2
17664.0,85.42,2,0
17665.0,28.75,1,0
17666.0,47.04,3,0
17667.0,347.6,7,0
17669.0,177.54,3,0
17671.0,141.63,2,0
17672.0,511.39,5,0
17673.0,503.4,8,0
17674.0,7.24,1,0
17675.0,1546.41,51,2
17676.0,173.59,7,0
17677.0,1229.1,52,2
17678.0,70.89999999999999,2,0
17679.0,132.14,9,0
17680.0,115.5,3,0
17681.0,40.77,6,0
17682.0,292.9,6,0
17683.0,96.75,3,0
17685.0,157.35,8,0
17686.0,526.29,2,0
17687.0,73.44,1,0
17688.0,75.6,2,0
17689.0,26.38,2,0
17690.0,530.74,8,0
17691.0,110.5,4,0
17692.0,235.4,9,0
17694.0,96.63,2,0
17695.0,38.53,4,0
17696.0,595.55,34,2
17699.0,62.45,2,0
17700.0,836.34,12,2
17702.0,254.01,4,0
17703.0,31.66,1,0
17705.0,29.8,2,0
17706.0,1526.52,24,2
17707.0,35.9,7,0
17708.0,130.09,2,0
17709.0,150.69,4,0
17710.0,80.17,1,0
17713.0,218.7,4,0
17714.0,348.72,8,0
17715.0,0.85,1,0
17716.0,1031.77,15,2
17717.0,48.4,1,0
17718.0,46.35,2,0
17720.0,334.39,9,0
17721.0,45.910000000000004,1,0
17722.0,273.01,2,0
17723.0,1.7,1,0
17726.0,223.33,8,0
17728.0,304.45,3,0
17729.0,70.55,1,0
17730.0,174.78,8,0
17731.0,95.27,2,0
17732.0,564.24,10,0
17734.0,155.14,3,0
17735.0,728.16,11,0
17738.0,308.57,10,0
17739.0,416.61,12,0
17740.0,19.73,6,0
17741.0,6.8,2,0
17742.0,525.11,9,0
17743.0,11.75,2,0
17744.0,17.28,1,0
17745.0,185.38,2,0
17746.0,78.67,5,0
17748.0,76.45,1,0
17749.0,133.26,1,0
17751.0,67.43,1,0
17753.0,205.84,5,0
17754.0,199.93,10,0
17755.0,34.37,1,0
17756.0,239.48,3,0
17757.0,1682.67,31,2
17758.0,312.07,4,0
17759.0,107.79,2,0
17760.0,145.94,6,0
17762.0,32.61,1,0
17763.0,61.75,4,0
17764.0,265.89,3,0
17765.0,107.27000000000001,1,0
17766.0,63.02,2,0
17767.0,42.2,1,0
17768.0,194.01,5,0
17769.0,901.39,9,0
17771.0,56.19,2,0
17772.0,162.2,1,0
17773.0,172.79,2,0
17774.0,1176.71,8,0
17776.0,204.68,3,0
17778.0,23.5,1,0
17780.0,255.87,3,0
17782.0,51.1,2,0
17783.0,67.4,1,0
17784.0,70.36,1,0
17785.0,110.31,2,0
17787.0,108.72,1,0
17789.0,41.6,1,0
17790.0,217.62,6,0
17792.0,180.07,2,0
17794.0,30.950000000000003,2,0
17796.0,521.54,4,0
17797.0,461.87,5,0
17798.0,86.88,1,0
17799.0,1364.58,12,2
17801.0,133.38,4,0
17802.0,910.33,13,2
17803.0,69.71,1,0
17804.0,254.27,4,0
17805.0,0.64,1,0
17807.0,206.99,3,0
17808.0,89.37,4,0
17809.0,285.44,12,0
17810.0,274.78,3,0
17811.0,832.02,9,0
17812.0,220.43,4,0
17814.0,360.02,2,0
17815.0,15.2,1,0
17816.0,47.76,3,0
17817.0,245.7,4,0
17818.0,86.46000000000001,1,0
17819.0,174.78,6,0
17820.0,116.84,1,0
17821.0,16.91,1,0
17822.0,474.78,5,0
17823.0,316.15,2,0
17825.0,65.18,4,0
17826.0,79.96000000000001,1,0
17827.0,117.02,2,0
17829.0,345.26,5,0
17833.0,111.32,1,0
17834.0,224.5,2,0
17838.0,548.94,11,0
17840.0,94.14,1,0
17841.0,15617.09,126,3
17842.0,104.09,1,0
17843.0,36.17,1,0
17845.0,217.67000000000002,4,0
17847.0,41.63,2,0
17848.0,627.52,22,2
17849.0,173.72,4,0
17850.0,7737.3,158,3
17851.0,662.55,6,0
17852.0,151.04,3,0
17853.0,440.42,3,0
17854.0,246.1,4,0
17855.0,30.02,1,0
17857.0,4.859999999999999,2,0
17858.0,1241.72,21,2
17860.0,459.34,4,0
17861.0,755.9399999999999,13,2
17862.0,374.61,3,0
17863.0,205.78,7,0
17864.0,78.28,2,0
17865.0,2280.34,35,2
17866.0,66.5,2,0
17867.0,438.48,12,0
17868.0,72.35,1,0
17869.0,317.02,3,0
17870.0,7.6499999999999995,2,0
17871.0,240.69,4,0
17872.0,34.24,1,0
17873.0,296.29,15,2
17875.0,72.38,1,0
17876.0,6.99,3,0
17878.0,119.87,2,0
17880.0,56.65,2,0
17882.0,159.60999999999999,2,0
17883.0,156.73,4,0
17884.0,838.33,21,2
17886.0,322.71,4,0
17888.0,352.9,21,2
17889.0,293.48,5,0
17894.0,671.07,13,2
17897.0,724.4,9,0
17898.0,79.52,2,0
17901.0,43.65,2,0
17902.0,31.36,1,0
17903.0,146.69,1,0
17905.0,537.96,11,0
17907.0,43.370000000000005,1,0
17908.0,674.02,7,0
17909.0,48.05,1,0
17910.0,79.15,1,0
17912.0,36.61,1,0
17913.0,1240.92,12,2
17915.0,96.5,1,0
17916.0,22.32,2,0
17918.0,79.47,3,0
17919.0,18.13,1,0
17920.0,2981.44,41,2
17921.0,782.48,8,0
17922.0,37.05,1,0
17923.0,6.3,2,0
17924.0,30.900000000000002,3,0
17925.0,3.39,1,0
17926.0,73.0,3,0
17927.0,30.150000000000002,1,0
17928.0,6.1,1,0
17929.0,69.55,8,0
17930.0,85.59,10,0
17931.0,799.98,16,2
17933.0,29.34,1,0
17934.0,54.7,1,0
17935.0,133.75,6,0
17938.0,90.82000000000001,1,0
17940.0,1367.01,8,0
17941.0,10.919999999999998,3,0
17943.0,55.01,1,0
17944.0,48.35,1,0
17945.0,146.21,3,0
17949.0,18585.93,87,3
17950.0,365.62,7,0
17951.0,42.27,2,0
17952.0,249.82,4,0
17953.0,73.59,1,0
17954.0,795.47,14,2
17955.0,3.16,2,0
17958.0,94.27,1,0
17959.0,42.050000000000004,1,0
17960.0,36.2,2,0
17961.0,1099.76,64,2
17962.0,356.5,4,0
17963.0,341.03,4,0
17964.0,124.66,1,0
17965.0,1674.01,21,2
17966.0,62.84,5,0
17967.0,157.28,2,0
17968.0,253.61,4,0
17969.0,1060.05,25,2
17971.0,65.74,1,0
17974.0,488.35,3,0
17975.0,702.85,13,2
17976.0,229.58,1,0
17977.0,135.12,2,0
17978.0,221.53,4,0
17980.0,105.24000000000001,1,0
17981.0,27.229999999999997,1,0
17982.0,25.66,1,0
17983.0,67.42,1,0
17984.0,464.56,4,0
17987.0,358.29,5,0
17988.0,234.0,7,0
17989.0,65.62,1,0
17990.0,78.6,4,0
17991.0,154.38,1,0
17992.0,126.33,1,0
17993.0,149.09,1,0
17994.0,634.42,8,0
17995.0,100.92,2,0
17996.0,214.8,3,0
17998.0,222.94,4,0
17999.0,263.21,2,0
18000.0,12.11,1,0
18001.0,159.01,4,0
18002.0,216.42,4,0
18003.0,48.160000000000004,1,0
18006.0,163.41,3,0
18007.0,82.16,1,0
18008.0,321.69,14,2
18009.0,630.71,12,2
18011.0,277.81,2,0
18012.0,88.54,1,0
18016.0,161.5,2,0
18017.0,1.65,1,0
18018.0,41.39,3,0
18020.0,63.5,2,0
18021.0,91.8,2,0
18022.0,635.75,4,0
18023.0,3248.86,1,0
18025.0,214.4,6,0
18026.0,87.54,2,0
18028.0,11.0,1,0
18029.0,31.3,1,0
18031.0,119.37,1,0
18034.0,191.68,1,0
18035.0,8.15,2,0
18036.0,668.09,8,0
18037.0,85.14999999999999,9,0
18038.0,80.08,1,0
18039.0,355.51,4,0
18041.0,1043.31,21,2
18042.0,30.45,1,0
18043.0,191.07,1,0
18044.0,303.32,8,0
18046.0,160.73000000000002,1,0
18047.0,246.44,2,0
18048.0,144.87,1,0
18049.0,219.97,2,0
18050.0,61.57,1,0
18051.0,113.36,8,0
18052.0,10.5,1,0
18053.0,52.75,4,0
18054.0,27.15,1,0
18055.0,1074.74,6,0
18056.0,25.85,2,0
18057.0,416.32,3,0
18058.0,25.95,2,0
18060.0,236.84,2,0
18061.0,271.66,20,2
18062.0,98.9,6,0
18063.0,11.3,2,0
18064.0,140.49,13,0
18065.0,853.14,17,2
18066.0,173.72,2,0
18069.0,1133.23,6,0
18070.0,40.75,2,0
18071.0,175.44,5,0
18074.0,196.47,2,0
18075.0,700.26,17,2
18076.0,18.76,1,0
18077.0,229.14,8,0
18078.0,132.53,2,0
18079.0,12.219999999999999,1,0
18083.0,147.3,1,0
18084.0,32.35,3,0
18085.0,142.35,3,0
18087.0,279.40999999999997,17,2
18089.0,77.8,1,0
18090.0,101.92,1,0
18091.0,41.949999999999996,1,0
18092.0,177.58,9,0
18093.0,51.23,4,0
18094.0,179.18,8,0
18095.0,58.2,3,0
18096.0,518.77,3,0
18097.0,142.77,7,0
18098.0,311.48,1,0
18100.0,62.33,1,0
18101.0,219.75,3,0
18102.0,6408.17,95,3
18103.0,48.55,1,0
18106.0,468.34,5,0
18107.0,126.01,1,0
18108.0,138.68,2,0
18109.0,820.4300000000001,15,2
18110.0,82.53,1,0
18111.0,135.4,2,0
18112.0,118.52,2,0
18113.0,1.06,1,0
18115.0,9.700000000000001,1,0
18116.0,542.1800000000001,5,0
18118.0,675.11,5,0
18119.0,83.47,1,0
18123.0,85.9,1,0
18124.0,62.7,1,0
18127.0,84.6,1,0
18128.0,118.27,1,0
18131.0,4.03,1,0
18132.0,132.21,1,0
18134.0,137.7,2,0
18135.0,63.010000000000005,8,0
18136.0,192.37,5,0
18137.0,101.92,2,0
18140.0,122.77,1,0
18141.0,133.29,3,0
18144.0,170.60999999999999,8,0
18145.0,366.55,8,0
18148.0,28.36,1,0
18149.0,190.47,4,0
18151.0,271.36,5,0
18152.0,71.58,1,0
18153.0,23.740000000000002,1,0
18154.0,45.85,3,0
18156.0,163.99,1,0
18157.0,92.98,1,0
18160.0,74.21000000000001,1,0
18161.0,36.6,1,0
18162.0,88.6,1,0
18163.0,161.98,2,0
18166.0,23.8,1,0
18168.0,807.95,15,2
18170.0,415.1,6,0
18171.0,240.03,4,0
18172.0,1268.56,38,2
18173.0,40.63,1,0
18174.0,1.95,1,0
18175.0,31.15,1,0
18177.0,50.13,3,0
18178.0,685.16,9,0
18179.0,51.69,2,0
18181.0,419.03000000000003,6,0
18182.0,22.98,1,0
18186.0,24.02,1,0
18187.0,269.55,3,0
18188.0,157.28,4,0
18189.0,34.9,2,0
18190.0,61.46,3,0
18191.0,16.5,1,0
18193.0,144.26,3,0
18194.0,82.28,5,0
18195.0,12.09,1,0
18196.0,284.6,2,0
18197.0,22.65,2,0
18199.0,103.25,2,0
18201.0,124.99,1,0
18203.0,224.03,3,0
18206.0,27.27,1,0
18207.0,111.85,3,0
18208.0,141.89,1,0
18210.0,25.35,1,0
18212.0,63.55,1,0
18214.0,197.75,5,0
18215.0,234.2,5,0
18217.0,30.25,4,0
18218.0,30.13,2,0
18219.0,319.19,9,0
18220.0,91.79,9,0
18221.0,70.32000000000001,2,0
18223.0,1175.47,25,2
18225.0,959.71,19,2
18226.0,1002.24,24,2
18227.0,590.0,2,0
18229.0,288.99,10,0
18230.0,134.09,3,0
18231.0,1117.02,24,2
18234.0,70.75,1,0
18236.0,232.82,6,0
18238.0,40.54,1,0
18239.0,139.6,2,0
18241.0,179.8,5,0
18242.0,112.43,4,0
18243.0,82.13,1,0
18244.0,28.39,2,0
18245.0,613.07,15,2
18246.0,3.39,1,0
18247.0,212.89,6,0
18251.0,97.45,8,0
18252.0,169.51,6,0
18253.0,32.230000000000004,1,0
18254.0,24.75,1,0
18255.0,25.36,1,0
18256.0,8.24,1,0
18257.0,456.25,6,0
18258.0,160.14,8,0
18259.0,153.85,5,0
18260.0,1570.75,24,2
18262.0,51.65,2,0
18264.0,165.5,1,0
18266.0,29.099999999999998,1,0
18267.0,61.32,2,0
18268.0,210.39000000000001,6,0
18269.0,22.15,1,0
18270.0,10.1,1,0
18271.0,62.04,2,0
18272.0,169.75,4,0
18273.0,2.55,1,0
18275.0,47.29,2,0
18276.0,196.42,7,0
18277.0,351.29,6,0
18278.0,65.45,1,0
18279.0,7.12,1,0
18280.0,86.7,2,0
18281.0,19.009999999999998,1,0
18283.0,498.82,6,0
18284.0,116.09,2,0
18285.0,100.2,1,0
18286.0,306.55,3,0
18287.0,244.34,5,0
